llm_id,price_qm2007,price_qm_se2007,price_qm2008,price_qm_se2008,price_qm2009,price_qm_se2009,price_qm2010,price_qm_se2010,price_qm2011,price_qm_se2011,price_qm2012,price_qm_se2012,price_qm2013,price_qm_se2013,price_qm2014,price_qm_se2014,price_qm2015,price_qm_se2015,price_qm2016,price_qm_se2016,price_qm2017,price_qm_se2017,price_qm2018,price_qm_se2018,price_qm2019,price_qm_se2019,price_qm2020,price_qm_se2020,price_qm2021,price_qm_se2021,price_qm2022,price_qm_se2022,price_qm2023,price_qm_se2023,price_qm2024,price_qm_se2024,price_qm2025,price_qm_se2025
1.0,5.6588826,0.26664925,6.082045,0.13257135,6.273952,0.093285054,6.3185873,0.09464488,6.5235405,0.06438715,6.603148,0.07108316,6.8330107,0.08878014,7.241291,0.07311537,7.247651,0.056949954,7.458716,0.09281773,8.242357,0.10295246,8.532375,0.100358546,8.678622,0.15572496,8.896777,0.14842345,9.241299,0.1762401,9.925217,0.14699481,10.151581,0.16707806,10.73238,0.14362726,11.318684,0.18637066
2.0,5.9817653,0.06647067,6.09212,0.07683044,6.1908693,0.049457923,6.3944225,0.05310997,6.496306,0.072112285,6.5847526,0.074754134,6.7905345,0.053843897,7.056953,0.10215414,7.1865892,0.02067151,7.401952,0.023061857,7.9418616,0.032447524,8.419053,0.00019123702,8.562997,0.022697126,9.159581,0.009978499,9.560302,0.026761653,10.108061,0.09023007,10.6234455,0.27667585,11.011093,0.1625223,11.818981,0.18485227
3.0,5.18962,0.15497336,5.0440016,0.03642942,4.9475636,0.05487244,5.017828,0.050587445,4.929028,0.022197455,5.099442,0.06204836,5.163345,0.08787955,5.1454563,0.055007022,5.3171787,0.066361815,5.463475,0.054133724,5.849909,0.09911628,5.7443495,0.07180078,6.003803,0.070683174,6.1377754,0.008045144,7.111615,0.06137956,7.445674,0.057120267,8.010226,0.009930595,8.616592,0.0024108521,9.3211565,0.04784236
4.0,5.1134953,0.017094199,5.341377,0.0070056967,5.5418873,0.03147674,5.68144,0.00032756515,5.6849074,0.004739131,5.798675,0.02709623,6.0678453,0.0241378,6.2005653,0.009635094,6.343204,0.0046435813,6.957755,0.003914247,7.1674523,0.008692727,7.481327,0.005705168,7.8738265,0.0036543703,8.217979,0.006532451,8.309199,0.007464942,8.642327,0.010481436,9.126127,0.02646339,9.466067,0.07691116,9.7468,0.05956508
5.0,9.161562,0.22047466,9.765453,0.21931402,10.440762,0.22768039,10.707528,0.12713051,11.126201,0.039514557,11.573234,0.0030508402,11.267973,0.14705476,12.271516,0.002236799,12.09035,4.0238603e-05,12.145711,0.013333506,13.879574,0.22767553,14.514167,0.36601683,15.131089,0.44490248,16.037476,0.44011465,16.282907,0.4618278,16.816187,0.4936399,16.594732,0.4243734,16.78476,0.441423,17.42998,0.32786956
6.0,5.4412465,0.054847233,5.763166,0.013294673,5.8494945,0.034146935,5.9682846,0.025958499,6.1799297,0.03645339,6.486623,0.017250786,6.9287276,0.04154304,7.4604764,0.06947786,7.610575,0.022192158,7.781289,0.03456359,8.492088,0.14470495,8.594449,0.0771948,8.759139,0.061858326,8.859914,0.10935073,9.052074,0.06533224,9.411151,0.007845323,9.675597,0.045628622,9.870511,0.035372343,10.421097,0.08941548
7.0,5.455812,0.034835342,5.2167435,0.069565915,5.485064,0.02648868,5.8608956,0.0066558504,5.837895,0.02585962,6.3215733,0.17521831,7.6450505,0.3351098,7.99201,0.2800103,8.108695,0.044206783,8.721174,0.0070245788,9.1617985,0.193435,8.969676,0.20182163,9.178218,0.15991063,9.542013,0.12610792,9.376365,0.028209448,9.424238,0.021297755,9.177126,0.10100101,9.407155,0.043769885,9.41971,0.050482877
8.0,4.494755,0.1273174,4.530108,0.15475057,4.815683,0.32864568,4.8788204,0.3083595,4.7998195,0.2937651,4.7196,0.18345237,5.263432,0.34974396,5.0203824,0.17724703,5.234808,0.2482387,5.438152,0.4151949,5.732881,0.4468519,5.751504,0.37819183,6.022105,0.57052,5.8366,0.38533542,6.079656,0.4581242,6.6231403,0.5024304,7.4841824,0.7043615,8.031995,0.88523364,8.316531,1.0735118
9.0,5.366839,0.16453323,5.2580433,0.03194867,4.8168344,0.06282597,4.8402586,0.11557022,4.944831,0.122248694,5.000455,0.15104909,5.090008,0.2247509,5.2296686,0.36292905,5.2503176,0.19205417,5.628734,0.15149474,5.798574,0.18296222,5.9866776,0.25449276,6.08756,0.25082418,6.3003497,0.28299135,6.4684577,0.22228144,6.471201,0.18876177,7.1975746,0.16149148,7.8316994,0.06891897,8.24386,0.19740383
10.0,6.101161,0.0668601,6.3088017,0.0748277,6.608129,0.1105569,6.7351975,0.11257032,6.956452,0.12997067,7.275493,0.13228028,7.5513563,0.11814757,7.9163027,0.14937635,8.2584715,0.11016685,8.72767,0.15796271,9.447333,0.17247826,9.800699,0.19147418,10.05146,0.20578514,10.47648,0.22822534,10.582871,0.22363451,10.754049,0.1725846,10.777821,0.18561336,11.28234,0.22918768,11.780538,0.110372856
11.0,4.9327264,0.0118780695,5.145309,0.07551184,4.8494163,0.0759723,4.919173,0.019499186,4.849338,0.0024339429,4.9068546,0.02767993,5.064663,0.011945005,5.1200047,0.04695874,5.192251,0.09481733,5.7877264,0.1504717,5.9480734,0.09613864,5.926879,0.09883183,5.980883,0.13089027,6.1635327,0.037897296,6.494222,0.016680539,7.152709,0.0017023017,7.588531,0.11875031,8.028534,0.09308639,8.146382,0.023666171
12.0,5.178866,0.049147334,5.326822,0.04755939,5.2982116,0.057143386,5.383029,0.04096711,5.5159774,0.11364405,5.621796,0.115969256,5.770168,0.101937205,5.804038,0.121491835,6.130399,0.102385774,6.2864437,0.13973626,6.26583,0.08285877,6.5209775,0.11672293,7.0735826,0.120219655,7.2490654,0.12965445,7.4326277,0.12568103,7.9311523,0.088925615,8.558867,0.08522844,9.10551,0.14716287,9.357868,0.10177353
13.0,4.5567026,0.0194608,4.5149546,0.051284764,4.337944,0.13482358,4.294541,0.24359994,4.1499414,0.37820488,4.2617416,0.28214088,4.166244,0.53328484,4.102467,0.6591791,4.4476666,0.43831283,4.304772,0.578472,4.3419,0.7255719,4.604323,0.61028135,4.751566,0.4115684,4.724143,0.5486548,5.005058,0.56225854,5.130416,0.59055996,5.786099,1.0114483,5.9117312,0.744407,5.973371,0.8794209
14.0,5.6304502,0.11806691,5.6909466,0.20351408,5.690927,0.1584582,5.7718754,0.18602099,5.9477515,0.28649098,6.207222,0.23209362,6.1738763,0.41446838,6.2264705,0.18126415,6.600433,0.18713295,6.9410033,0.12830903,7.1883264,0.26252815,7.3490915,0.023136975,7.821764,0.10498209,8.161422,0.12876596,8.336824,0.06375554,8.881112,0.24119139,9.7503805,0.4604083,10.246583,0.058562916,10.556457,0.34525332
15.0,4.762398,0.050359227,4.740156,0.049482197,4.817294,0.039416622,4.835919,0.06109363,4.9501357,0.067878574,5.0888925,0.036320824,5.1584353,0.04821443,5.262743,0.020978695,5.400121,0.02988397,5.552903,0.037243195,5.7989426,0.00044037923,5.9916935,0.080924116,6.2155395,0.0683647,6.507471,0.03213545,6.777622,0.08084064,7.3268905,0.1597115,7.645525,0.10923086,8.643281,0.060307734,8.911986,0.016926061
16.0,3.7310357,0.03485171,3.6797633,0.027580833,4.147535,0.0015926727,5.1971054,0.057095397,5.1249647,0.107130505,5.2653937,0.07830828,5.1900535,0.07354015,5.1814265,0.13959058,5.315106,0.05739521,6.0016565,0.020884335,6.5038257,0.09498463,6.5931597,0.14489533,6.5462217,0.105515085,6.8656306,0.106778495,7.0760593,0.10691834,7.429807,0.10546253,7.885618,0.0016227092,8.436753,0.03073478,8.291766,0.064239636
17.0,5.723674,0.07486462,5.852379,0.08410061,6.084259,0.12145915,6.416167,0.2511686,6.706057,0.34170568,7.1174636,0.14043312,7.252842,0.15689695,7.4369526,0.15504774,7.2971272,0.05901109,7.5372043,0.034629393,8.203657,0.06550417,8.472886,0.06559458,8.753139,0.0686893,9.0749235,0.07142473,9.334115,0.08521155,9.701158,0.049369868,9.855258,0.060316768,10.070364,0.03438271,10.724208,0.03681706
18.0,5.5535054,0.062012378,5.7041025,0.04440685,5.7522697,0.049053058,5.8147707,0.042691555,6.008526,0.07608716,6.3636403,0.0776026,6.4774904,0.050631505,6.892117,0.090107046,7.018669,0.06827988,7.405099,0.050912187,8.000718,0.13279052,8.435753,0.16015966,8.652121,0.14044155,8.76168,0.109143846,8.658785,0.1442628,9.156522,0.12601028,9.454325,0.09579052,10.003567,0.07767344,10.578177,0.09123933
19.0,4.208472,0.012071981,4.278865,0.02236028,5.05426,0.05552388,5.1497293,0.03483927,5.2854333,0.063362,5.4887075,0.028571658,5.98691,0.11378296,5.8061247,0.0480023,5.8087306,0.015042153,6.1062636,0.0038309016,6.0665574,0.033788554,6.399431,0.07779766,6.552314,0.01484518,7.013614,0.014726553,7.525132,0.077049516,7.617169,0.0365265,8.696967,0.016767398,8.966514,0.02008231,9.46857,0.07644068
20.0,4.8367743,0.077059165,5.003884,0.10168595,4.851088,0.046814617,4.8019323,0.048174627,4.8934946,0.006375649,4.978971,0.008061093,4.884551,0.024048869,4.9915733,0.05223691,5.094545,0.026014589,5.26573,0.07679806,5.4396896,0.0009576393,5.560586,0.0039579542,5.790381,0.045677487,6.173874,0.053387944,6.255513,0.0663423,6.314867,0.050051827,6.643339,0.031176668,6.885767,0.006185688,7.29661,0.04564107
21.0,5.2919955,0.417706,5.0486326,0.12828664,5.2084455,0.23874809,5.39776,0.16582958,5.5391746,0.2973377,5.7850585,0.34325844,5.9101,0.41397044,6.272033,0.38262182,6.5976315,0.6224295,6.9438496,0.2836473,7.1782613,0.41255397,7.853819,0.38336226,7.4715605,0.2962178,7.6929307,0.36756858,7.900836,0.27727425,8.176571,0.55425537,9.134867,0.49670008,8.453285,1.2153702,9.407891,1.330376
22.0,5.9461412,0.21427445,5.996505,0.18491095,6.2227807,0.13511607,6.556974,0.1747484,6.8558664,0.17119232,7.250835,0.18952681,7.81936,0.22552998,8.134261,0.16248164,7.9787507,0.13214706,8.329201,0.13405873,9.6882305,0.25015348,9.700367,0.1341613,9.432893,0.1411111,9.745916,0.24679445,10.021519,0.25229627,10.328889,0.19067426,10.884493,0.1877175,11.345407,0.2061501,11.986411,0.18878242
23.0,4.287795,0.087848686,4.4107327,0.08133088,4.4443727,0.068716735,4.431927,0.08316156,4.535477,0.07793733,4.6095366,0.066235915,4.7820926,0.08208291,5.0029187,0.11109468,5.062035,0.08663369,5.2500587,0.064912476,5.360627,0.04030022,5.6534123,0.027827248,6.3097086,0.06844377,6.171351,0.0021452238,6.322444,0.021810101,6.5590367,0.015626775,7.083107,0.004008329,7.6385117,0.041208126,7.918894,0.0027568673
24.0,8.659183,0.027177388,8.611321,0.077760406,8.67711,0.100031555,8.754006,0.13121015,8.972626,0.17854543,9.353275,0.22002834,9.547901,0.18605207,9.732791,0.22775605,9.836982,0.26570028,10.040262,0.3239422,10.828082,0.39891937,11.41703,0.4039073,11.888366,0.40174142,12.505357,0.4152845,12.57831,0.31104535,13.238569,0.35825825,13.809268,0.37552926,14.165819,0.33778408,15.077892,0.34111127
25.0,5.881477,0.16113731,5.943909,0.12334853,5.9813004,0.09924924,5.952907,0.102116734,6.0145464,0.13119118,6.182156,0.11855469,6.2572913,0.17019069,6.3195777,0.15569444,6.4586987,0.13642628,6.892664,0.11901991,7.113628,0.18610936,7.423736,0.14761963,7.720884,0.10979788,7.885486,0.14250666,8.02786,0.14650345,8.282242,0.18193425,8.680615,0.20795667,9.189451,0.20053048,9.610827,0.3054211
26.0,5.7049794,0.14257342,5.6595035,0.055772975,5.4124684,0.019840758,5.49067,0.06559344,5.5110145,0.04716944,5.437469,0.024694884,5.606512,0.01787773,5.6921396,0.038545568,5.715824,0.03535679,5.902393,0.08844222,6.0356026,0.11192223,6.1914673,0.07924766,6.437925,0.10005167,6.5903463,0.13574511,6.8884835,0.1274108,7.2173705,0.11434781,7.628071,0.11363012,8.049414,0.16019504,8.393216,0.12829915
27.0,5.6074495,0.024072014,5.595528,0.029872801,5.451806,0.0035290404,5.7297654,0.035696317,5.8320026,0.01071138,6.1614656,0.027675875,6.250075,0.008984509,6.386546,0.013924743,6.4505787,0.024647698,6.443785,0.046137266,6.712911,0.057438876,6.6744967,0.04598012,7.0024195,0.06291428,7.335858,0.024741169,7.3478227,0.052852985,7.766902,0.03898602,8.028975,0.0068881973,8.338813,0.041616853,9.035921,0.01852127
28.0,7.8338666,0.25440913,7.8593893,0.27350587,7.687282,0.24126199,7.8066926,0.29200378,7.8524427,0.2626424,8.300715,0.3071,8.377379,0.27911732,8.486831,0.30962944,8.572457,0.2536217,8.750632,0.2294249,9.5920925,0.32327893,9.90896,0.3560353,10.265946,0.31707358,10.716049,0.37823716,11.130357,0.34392932,11.467162,0.40308487,11.701511,0.2593125,12.0281725,0.23270075,12.861136,0.30969465
29.0,8.943155,0.40960094,8.97782,0.29665622,8.958852,0.27605903,8.961847,0.2951713,9.159275,0.2912263,9.371609,0.31673577,9.695297,0.25133535,10.166457,0.3533214,10.128375,0.30006558,10.598208,0.39917526,11.553861,0.5161294,11.994741,0.60435677,12.646368,0.6752147,13.241583,0.7170527,13.318614,0.61333567,14.046919,0.6829023,14.452918,0.5358216,14.722657,0.37626052,15.156987,0.29332972
30.0,6.6187453,0.050625242,6.620738,0.023751099,6.7433376,0.033492044,6.8532143,0.00015736118,7.032663,0.031125147,7.444143,0.05169776,7.8865056,0.022498218,8.25815,0.011820332,8.034909,0.023693334,8.267281,0.064411074,8.6855,0.017432384,8.963752,0.017749747,9.19363,0.010467256,9.36673,0.020951437,9.477614,0.021664573,9.7970495,0.0681185,10.063604,0.06890305,10.82549,0.0072561596,11.344759,0.0028672225
31.0,5.2853413,0.006453229,5.0441794,0.04271561,5.0319133,0.04980412,5.0521626,0.038935896,5.1149917,0.1374114,5.0599756,0.06583493,5.082306,0.08306272,5.3372464,0.13818601,5.4443693,0.062086053,5.5816803,0.09936102,5.8522053,0.19012167,6.085641,0.1316614,6.199968,0.13170289,6.559915,0.16852681,7.0202646,0.1344183,7.5046453,0.1835971,8.04336,0.019042643,8.333528,0.0037828328,8.905757,0.18713716
32.0,7.9425054,0.20622443,7.9969287,0.16419594,8.088349,0.17116044,8.416361,0.1891112,8.707439,0.19167475,8.976814,0.19548549,9.00528,0.15311654,9.4848795,0.24186459,9.151801,0.13710922,9.330344,0.16393988,10.334129,0.2451255,10.809082,0.2318838,11.389401,0.24772057,11.386376,0.25672224,11.709114,0.25825354,12.480405,0.24025191,12.599823,0.18776287,12.510316,0.18091021,12.998589,0.16021894
33.0,5.3021464,0.1099045,5.3484683,0.18587954,5.6075788,0.1052753,5.5723424,0.04381269,5.849828,0.14711265,6.1179404,0.1650338,6.255268,0.0978865,6.4571385,0.18542002,6.565116,0.17209119,6.559213,0.1267504,6.809191,0.051931195,7.085858,0.0669342,7.3977757,0.09933721,7.4686193,0.14178938,7.866658,0.12729265,8.167761,0.104355074,8.790904,0.08209494,9.503729,0.04089703,9.8364725,0.009949372
34.0,6.3540735,0.0837538,6.389,0.11394524,6.469171,0.10246866,6.179336,0.10571337,5.9792137,0.09405014,6.1671767,0.09314269,6.561914,0.15499403,6.6358666,0.15688142,6.778331,0.17793152,7.1971903,0.16010574,7.670196,0.182567,7.9101634,0.15137607,8.265961,0.14473768,8.270168,0.15663348,8.486828,0.10284873,8.727301,0.096645534,9.142158,0.057690613,9.512811,0.098638356,9.848771,0.13860783
35.0,4.7969866,0.08777382,4.5396457,0.027380053,4.5050006,0.043272223,4.7204103,0.087033324,4.6803102,0.08415871,4.621183,0.054407652,4.68373,0.17709212,4.656309,0.06655231,4.838501,0.104817905,4.9333253,0.13289547,5.1000524,0.12741037,5.2288275,0.19710568,5.225107,0.14418735,5.5736895,0.020774446,5.5868816,0.060041685,5.8691683,0.17489743,6.6246643,0.15443869,7.0895367,0.23182498,7.290383,0.17018598
36.0,5.0454283,0.020536507,4.8342714,0.053795263,4.9486146,0.0014312319,5.106366,0.006151879,5.1640954,0.020745983,5.2711987,0.031913288,5.324616,0.030463323,5.4925137,0.0068986397,5.549559,0.018563362,5.7837405,0.08015802,6.250844,0.037954673,6.461501,0.0067561525,6.8952894,0.029167477,7.211906,0.06482872,7.631139,0.16830713,8.463701,0.21966548,8.824898,0.17596829,9.3691025,0.13215393,9.816031,0.112947725
37.0,5.592648,0.1718197,5.6422534,0.113011144,5.572618,0.14120802,5.538504,0.055008184,5.5572352,0.03083102,5.696464,0.08994575,5.8530445,0.154336,5.895131,0.18807466,5.984248,0.20875338,6.3566093,0.24600533,6.4226136,0.31066683,6.7435694,0.29891402,7.0101976,0.2924556,7.260128,0.29280913,7.411868,0.3525954,7.6138797,0.3071102,7.894627,0.250932,8.356215,0.23194352,8.77676,0.2658207
38.0,5.4555554,0.008971228,5.4646125,0.0066425106,5.506932,0.04340374,5.424875,0.021504747,5.484437,0.0133357085,5.7173977,0.044823106,6.054655,0.07700011,6.2969146,0.153771,6.407766,0.17475848,6.8693585,0.20664693,7.290197,0.24994148,7.5197153,0.2709963,7.848569,0.27429837,8.166133,0.2777833,8.435859,0.24448209,8.8328,0.2536329,8.954319,0.21033515,9.426777,0.26581973,9.6295185,0.23871683
39.0,5.401265,0.32456917,5.270533,0.24089558,5.2208905,0.22984226,5.2756534,0.2953688,5.432084,0.38521603,5.426958,0.313146,5.3882513,0.31277084,5.4603133,0.47516665,5.550978,0.43270436,5.810064,0.507994,5.917005,0.5662306,6.108576,0.61892533,6.1681285,0.6050475,6.1830506,0.5744898,6.50669,0.72074354,6.8068485,0.7250839,7.146604,0.6207823,7.494646,0.66102684,7.797302,0.5649123
40.0,5.9040003,0.085744604,5.9069924,0.13274607,5.8072405,0.107961655,5.849447,0.1319885,5.997232,0.21765067,6.2165155,0.24932046,6.3322043,0.1716804,6.5679493,0.20053597,6.646884,0.15887009,6.8235803,0.1356255,6.9229403,0.18933852,7.0994754,0.24442124,7.4043984,0.19322939,7.5219893,0.17012039,7.781367,0.16489024,8.027983,0.1342584,8.15509,0.14942497,8.522095,0.16014215,8.450443,0.17033081
41.0,6.03235,0.014782564,5.804056,0.08590042,5.668495,0.058411893,5.809942,0.06582202,5.9910426,0.09489207,6.1626754,0.11790559,6.4647107,0.115793206,6.677508,0.08568446,6.7559896,0.07458244,7.040252,0.11183623,7.3608236,0.15035999,7.6978507,0.18442942,7.9248066,0.14782088,8.093429,0.12409612,8.357558,0.088769905,8.757039,0.073061116,9.139805,0.015044853,9.604977,0.021656051,10.23293,0.009389711
42.0,8.302918,0.31301168,8.291874,0.4156047,8.006898,0.53733826,8.060259,0.60277975,8.276044,0.5035169,8.37491,0.62680554,8.380819,0.52362794,8.428232,0.7932777,8.280507,0.7498462,8.993348,0.5424247,9.7039585,0.79415923,10.016521,0.99555475,10.544308,1.2731923,10.959107,1.08885,11.308529,0.83315104,11.772156,0.6653094,12.396992,0.6306677,12.766926,0.7249352,13.457125,0.7446122
43.0,10.971987,0.17141321,11.307278,0.19930619,11.208964,0.18332502,11.311223,0.18093328,11.530561,0.12945978,11.896342,0.12281959,12.23514,0.10646342,12.808781,0.15089987,13.109454,0.16314438,12.755488,0.12188455,14.3433275,0.2184934,15.579708,0.3364418,16.404333,0.38364434,17.23094,0.4685559,16.847979,0.4459729,17.258537,0.5024084,18.872004,0.7464168,19.160072,0.6536085,18.968103,0.40003893
44.0,6.6658525,0.3306851,6.623498,0.3111118,6.6146865,0.32895258,6.797362,0.2995503,6.996823,0.36225504,6.845504,0.44831672,7.0405993,0.46471226,7.2333584,0.4928553,7.6386003,0.38862684,7.902774,0.36209616,8.55221,0.4150518,8.781233,0.33532956,9.208915,0.2801726,9.4816675,0.34706047,9.446699,0.3523946,10.130794,0.33865124,10.402635,0.259853,10.864617,0.274583,10.903618,0.308591
45.0,5.505604,0.17753185,5.433034,0.18545966,5.3938527,0.17170356,5.462855,0.1751217,5.499824,0.1563362,5.5494046,0.18584354,5.6890697,0.16256736,5.864636,0.2059464,6.0629244,0.21963462,6.2818418,0.24075271,6.467279,0.2999162,6.789771,0.21016537,7.1619263,0.15339294,7.3983555,0.3238448,7.5699215,0.3737256,8.127082,0.14220239,8.819053,0.05502054,9.46995,0.2093366,9.738426,0.2579876
46.0,5.0847044,0.0072474275,5.208822,0.010175668,5.2817125,0.011889493,5.387262,0.021354564,5.651425,0.040501945,6.1540675,0.03342574,6.6591244,0.07147491,7.1007905,0.07642716,7.1877184,0.073577024,7.3694954,0.06891041,7.6377525,0.061666097,7.8843718,0.11842777,8.239646,0.1428932,8.449765,0.15306208,8.327802,0.1514691,8.506666,0.14800473,8.912623,0.13339576,9.357957,0.14880505,9.953965,0.114383094
47.0,4.6996756,0.048791878,5.0288587,0.08236033,5.5411983,0.049071897,5.4680743,0.022217026,5.6066184,0.012499301,6.008943,0.046465214,6.184601,0.0030605828,6.585564,0.06964544,6.800429,0.046000436,7.1499543,0.061771944,8.055821,0.09898218,8.567207,0.07106284,8.596995,0.0068925233,8.821024,0.08553475,8.87291,0.007121903,9.151648,0.029654816,9.507084,0.0049247057,9.648691,0.024084462,9.995086,0.016353386
48.0,4.3236547,0.17748965,4.1017885,0.23234744,3.8752608,0.31937498,3.837985,0.2799228,3.8979638,0.38433596,3.7432616,0.5072264,3.8608017,0.3271114,3.7556467,0.54128,3.9844823,0.4610047,4.036858,0.61479056,4.1917157,0.60752064,4.1842246,0.58568126,4.500949,0.8634244,4.787394,0.6598688,4.7783513,0.6399063,5.9915795,0.7683579,6.263982,0.51192164,6.7867193,0.8776485,6.6352596,0.805753
49.0,5.941303,0.0846675,5.969935,0.079975195,6.0152493,0.0584505,6.023213,0.08710893,6.135394,0.117633164,6.2571597,0.12204445,6.440883,0.038450636,6.612749,0.1242515,6.9158816,0.09063833,7.2425747,0.1299447,7.7196493,0.19042715,8.072104,0.18715167,8.354426,0.19180869,8.802585,0.20280002,8.860757,0.14224726,9.31646,0.13334626,9.697471,0.18976206,10.320919,0.08638925,11.022666,0.16316432
50.0,4.4637847,0.19275223,4.302574,0.09715357,4.10773,0.25578165,4.3260784,0.23548712,4.4488835,0.090889394,4.536925,0.22807403,4.619221,0.15275824,4.4858246,0.18671651,4.6165605,0.085437216,4.8273053,0.19075277,5.0456553,0.021312902,5.2148614,0.011096521,5.521243,0.043057203,5.5895143,0.03900524,6.05615,0.063908674,6.7308226,0.17478868,8.458731,0.541762,8.064243,0.26372704,8.044967,0.37909836
51.0,5.5388103,0.06407037,5.4885964,0.024409957,5.449293,0.16887945,5.553217,0.22657174,5.736139,0.19227238,5.9364624,0.13493915,6.1243696,0.08307008,6.1893487,0.06959923,6.492365,0.13787238,6.6486506,0.07631995,6.9950037,0.09142407,7.4553347,0.12836137,7.768942,0.0793056,8.018526,0.15755974,8.250647,0.12345975,8.692234,0.16162935,9.080554,0.09518564,9.453733,0.12784842,10.138443,0.08606519
52.0,5.3613095,0.25989047,6.2938337,0.053609185,5.7204146,0.5068272,5.832158,0.796477,5.2952886,0.65630335,5.5590653,0.63043207,6.131058,0.9381627,6.0055337,0.76011384,6.173945,0.5980617,6.6614304,0.39344576,6.6285653,0.55108905,6.8082304,0.8040505,7.096105,0.36909208,7.4213853,0.571558,7.939241,1.0889302,7.8951726,1.217584,8.82561,0.77123845,8.684394,0.9740901,9.549197,0.74335563
53.0,4.561588,0.17310114,4.6575856,0.20646241,4.7739,0.34361994,4.7195563,0.25957927,4.6198807,0.08828125,4.463901,0.3557272,4.6423173,0.30533057,5.0395756,0.21615396,5.2873087,0.31651917,5.1983027,0.20035906,5.2597604,0.35804534,5.5279307,0.33664584,5.6605983,0.2647848,6.1496105,0.45958441,6.253651,0.47774714,7.1696587,0.12791489,8.514946,0.37190783,8.346564,0.100869656,7.555107,0.5330256
54.0,6.889134,0.2036757,6.9304895,0.15843607,7.3634434,0.17271818,7.6529555,0.19495128,8.030327,0.1814488,7.9459605,0.15895256,8.243791,0.18661119,8.087981,0.18181826,8.149113,0.11395553,7.9110312,0.026833845,8.780807,0.16849661,9.054047,0.13205606,9.605745,0.13930424,9.944272,0.095108576,9.76413,0.06878453,10.460498,0.170848,11.169757,0.11913284,11.756181,0.18964612,12.007199,0.16929358
55.0,5.6756916,0.06993178,5.665883,0.070822954,5.5390434,0.02186222,5.6718273,0.013855692,5.7692404,0.029420417,5.9055204,0.020109696,6.2160683,0.041802887,6.275701,0.020183565,6.3599167,0.01801219,6.534556,0.0019366345,6.972359,0.046610735,7.2237945,0.021286802,7.642109,0.029451536,8.048076,0.045388002,8.431427,0.034335494,8.928965,0.023310695,9.459156,0.0035571945,10.425661,0.005769697,11.021772,0.008008264
56.0,5.719441,0.28060764,5.9009943,0.25003216,5.839146,0.31789967,5.986038,0.308792,6.283715,0.34522516,6.4508743,0.2713866,6.395022,0.28480685,6.7459683,0.29065287,6.882891,0.3808786,7.333262,0.30626974,7.8170195,0.37450927,8.049873,0.36422652,8.507409,0.20845254,8.787886,0.27787372,9.112123,0.28691402,9.465608,0.23474547,9.825784,0.2565773,10.299877,0.30634323,10.723347,0.423602
57.0,6.8616805,0.07136775,7.0221887,0.07056143,7.066782,0.09247222,7.1494093,0.11693687,7.4022546,0.07818306,7.519634,0.0951802,7.807982,0.10753115,8.035199,0.063695565,8.181376,0.087134995,8.596122,0.033134174,9.294831,0.02043444,9.585949,0.06406744,10.065608,0.042489305,10.541322,0.032527212,10.493726,0.020872079,10.942846,0.063171834,11.19246,0.06913005,11.712827,0.04798309,12.266503,0.08492568
58.0,8.621524,0.029178457,8.662208,0.020064395,8.657752,0.005408126,8.707197,0.0070093963,8.9522705,0.013963626,9.185429,0.01792523,9.404825,0.025383828,9.881788,0.06488724,9.741452,0.016437806,10.003148,0.048373625,11.102997,0.004969951,11.301993,0.004891969,11.801408,0.010688778,12.256824,0.03311281,12.306682,0.04763531,12.518071,0.110655405,13.003146,0.11218797,13.488989,0.09151334,14.551798,0.097426444
59.0,9.242195,0.059781253,9.409118,0.108104676,9.494039,0.12874806,9.629641,0.161234,9.776099,0.15621398,10.277651,0.12986258,10.532792,0.05062288,11.251681,0.14779797,11.652344,0.05516361,11.460756,0.044851918,16.818752,0.35569608,18.668882,0.39726505,19.474993,0.44112515,19.085686,0.31468228,17.829092,0.27121663,17.685059,0.26379114,18.197233,0.168065,19.01195,0.24865305,19.534334,0.24774462
60.0,8.997192,0.5036464,9.096009,0.48452792,9.193709,0.63869977,9.432448,0.8037056,9.611236,0.7489745,9.951666,0.7604642,10.221417,0.7611986,10.387066,0.80662847,11.112783,1.2737099,11.531267,0.91286415,15.427853,3.9607968,17.189123,4.6953273,18.510798,4.494094,18.066067,4.041963,17.399883,3.0357432,16.802813,2.787003,17.483923,2.436848,18.523275,2.6208155,18.721628,2.8583248
61.0,6.4284716,0.2424763,6.611207,0.19491436,6.6656585,0.24149708,6.6797514,0.21596003,6.6695046,0.19788583,6.779973,0.17458412,7.073912,0.27586773,7.473487,0.3776486,7.615732,0.1607,7.6794677,0.21514532,8.401504,0.08390429,8.812116,0.12363788,9.334666,0.40205637,9.662745,0.22215775,9.809878,0.111212574,10.497964,0.23272546,10.662489,0.04370833,11.139179,0.013298906,11.703581,0.14544807
62.0,6.5129194,0.058559723,6.5837164,0.059335116,6.4896164,0.091213964,6.599014,0.14202766,6.755711,0.12906513,7.130142,0.10932953,7.425739,0.18758653,7.762044,0.16449241,8.114587,0.22576228,8.5641,0.19144349,9.398353,0.2298734,10.060142,0.31770122,10.971751,0.32225496,11.225748,0.20626923,11.188514,0.13155979,11.532122,0.14855216,11.713922,0.11444338,12.206968,0.1131257,12.882634,0.1309396
63.0,5.7281976,0.13989365,5.88551,0.32770073,6.344593,0.41620544,6.575014,0.4071914,6.672816,0.36852628,6.7063437,0.31742173,6.9954066,0.4284579,7.0911474,0.40538573,7.6757283,0.32599637,7.9161763,0.31132045,8.276492,0.30995542,8.675478,0.27767324,8.74951,0.3162398,9.426268,0.2413222,9.437854,0.2114379,9.849204,0.26346776,10.389258,0.30472487,10.676309,0.29073623,10.981816,0.23696148
64.0,5.5360975,0.037991334,6.039522,0.08417429,6.0125823,0.09851044,6.13881,0.099451646,6.140624,0.098833285,6.440247,0.2500561,6.4654665,0.31853828,6.9021363,0.33735636,7.3635073,0.31029812,7.7355266,0.24521554,8.101595,0.08618057,8.384792,0.15765218,8.84487,0.25955978,9.461405,0.2957,9.834103,0.22535488,10.178922,0.30416209,10.431338,0.122249484,11.166891,0.05720637,11.503847,0.15038915
65.0,7.8370204,0.09692007,8.014872,0.10148981,8.056376,0.16665903,8.192907,0.1603529,8.446625,0.22413266,8.589947,0.14709,8.462426,0.08895864,9.09669,0.19250926,9.040527,0.084006436,9.245352,0.022643471,10.184166,0.2121547,10.554201,0.20125072,11.0314455,0.21619983,11.534105,0.27726763,11.48021,0.13587773,12.052022,0.17292474,12.26795,0.17074457,12.719526,0.13903943,13.536732,0.20259184
66.0,9.302946,0.14187042,9.08582,0.16295423,8.895162,0.22379248,8.735947,0.18756668,9.035452,0.2556849,9.232205,0.23796302,9.115088,0.09716599,9.294232,0.14181562,9.418329,0.058539223,9.536787,0.0031215204,10.607389,0.11988565,11.197253,0.19171554,11.755805,0.25431564,12.085213,0.20724072,12.236622,0.2820437,12.855817,0.32796422,13.351092,0.2719394,13.74832,0.26280308,14.469258,0.18366705
67.0,5.8482113,0.13732924,5.8242416,0.109713584,5.9621525,0.11787105,5.9799204,0.12341125,6.003432,0.16740745,6.1010213,0.18072899,6.3042917,0.1772901,6.5810523,0.20087872,6.6900616,0.14807114,6.8698916,0.23998867,7.1739383,0.54335654,7.428256,0.57040435,8.185114,0.24050212,8.5518,0.3014567,8.891633,0.24736139,9.318396,0.15704878,9.631507,0.22959629,10.07497,0.31065565,10.401201,0.13018869
68.0,9.275084,0.17026992,8.964903,0.04761269,9.097331,0.10470118,9.058696,0.18640316,9.395951,0.14581355,9.755894,0.08225344,8.981947,0.12600346,10.229854,0.09133997,10.03008,0.029382221,9.571113,0.09716233,11.828366,0.10937711,12.320525,0.091782175,13.55372,0.12379963,13.576369,0.13802724,13.38046,0.110901415,14.33956,0.08217714,13.745259,0.031758364,13.87817,0.13268167,14.104403,0.13507208
69.0,5.771142,0.22708416,5.888909,0.31200534,6.0907288,0.2752022,6.295125,0.18059327,6.3577313,0.087181665,6.696092,0.18971261,6.703694,0.10359476,6.9065824,0.10279405,6.774221,0.07577595,7.6540704,0.00066467345,8.469926,0.073525935,8.5652075,0.06898192,9.111004,0.02625124,9.274029,0.02077986,9.476724,0.19281924,10.035007,0.1602639,9.928978,0.09443269,10.706908,0.038521588,11.31951,0.12209535
70.0,5.701589,0.09181428,5.878986,0.014849349,5.970615,0.0913648,5.9414344,0.098835945,6.1540594,0.06393858,6.209651,0.07934947,6.3896813,0.028867438,6.720548,0.0022163743,6.854486,0.04542834,7.1696305,0.01812481,7.6548343,0.034276325,8.003606,0.06213341,8.3777,0.01577094,8.567272,0.045511685,8.656788,0.027024066,8.999598,0.07187033,9.351914,0.08185827,9.989189,0.15031411,10.360475,0.115840755
71.0,9.188211,0.08621069,9.229271,0.007421973,9.233609,0.09561421,9.985466,0.17854644,10.793511,0.41261283,10.914561,0.3786026,10.792441,0.27539316,11.095641,0.2790004,10.060369,0.14224218,9.821647,0.004115614,11.119751,0.057017043,12.318467,0.23283297,12.944514,0.23274434,13.270878,0.23969117,13.285142,0.51263726,13.830989,0.14903094,14.195052,0.4257582,14.089909,0.43627343,15.442248,0.47466642
72.0,6.8999605,0.24608961,7.07962,0.25226355,7.255127,0.28756228,7.2014284,0.2760859,7.3028846,0.20089255,8.029874,0.21181111,8.391134,0.2225717,9.547152,0.3123539,11.167558,0.3603903,10.973147,0.24469754,12.122152,0.3008231,11.827443,0.26048633,12.314835,0.2529835,12.196499,0.2586633,11.808495,0.23945878,12.306251,0.34337622,12.872681,0.28578678,13.133704,0.22891684,13.875483,0.2967378
73.0,5.301245,0.10695809,5.312027,0.29540324,5.6396036,0.20535079,5.556826,0.3195471,5.6355166,0.21662144,6.0361085,0.19200099,6.6204143,0.3229338,6.816944,0.23427296,7.2464466,0.47975615,7.2276564,0.26027656,8.010246,0.12910764,8.083636,0.26667926,8.7980175,0.21150018,9.112424,0.23857565,9.205311,0.22529922,9.111573,0.3086452,9.700823,0.32272628,10.231213,0.1652454,10.736691,0.15387797
74.0,7.9082246,0.0013273472,8.095173,0.055855878,8.000076,0.0073246267,8.006302,0.019872544,8.034537,0.07068,8.281288,0.08424415,8.242822,0.06383147,8.916305,0.047153026,8.743081,0.017793942,8.573142,0.026716903,9.541522,0.44597235,10.354079,0.23614968,10.61418,0.19335565,11.053615,0.17552215,11.08057,0.1849259,12.17803,0.0030252347,13.131921,0.24558547,13.985512,0.043510873,13.872204,0.2868493
75.0,4.825159,0.10904273,5.170006,0.05697959,3.9107826,0.093848325,4.5214605,0.0015567931,3.9025311,0.114726946,4.511291,0.053039387,5.238378,0.023898905,5.6642222,0.018011756,6.1864905,0.010439338,6.700292,0.011196327,6.7545443,0.016525533,7.0904913,0.10079207,7.5137167,0.016911747,8.046603,0.028744731,8.035842,0.037923727,8.396542,0.122330606,9.167185,0.1265863,9.517707,0.25198647,9.674589,0.06613282
76.0,7.609135,0.0789945,7.9546824,0.06485446,7.8976665,0.05279774,7.8999233,0.048434984,8.152984,0.05457948,8.443212,0.07640605,8.786591,0.06087125,8.977388,0.02467502,8.903475,0.04700603,9.184955,0.038906343,9.6936655,0.021324376,10.229727,0.011804507,10.915401,0.017344646,11.087908,0.01842598,11.242344,0.0067129233,11.658373,0.04123414,11.784696,0.0015077539,12.201397,0.015959796,13.561458,0.03791201
77.0,7.1900735,0.2359082,7.4351125,0.21798699,7.3735037,0.17987756,7.5768075,0.12348445,7.611154,0.11623056,7.7747636,0.12448206,8.28279,0.12404385,8.600064,0.11106331,8.531684,0.13940774,8.23645,0.122257754,9.053872,0.32900187,9.637617,0.250671,10.13378,0.24172612,10.407185,0.2020686,10.678469,0.09893479,11.200155,0.15292828,11.424188,0.20500189,11.915085,0.14143392,12.711008,0.19156562
78.0,5.396125,0.109856725,5.2684355,0.06445229,5.299379,0.2726531,5.4883285,0.08226542,5.6607857,0.0838619,5.48461,0.12008356,5.4367304,0.09625526,5.227005,0.052047584,5.4957223,0.030222848,5.840175,0.020795513,6.3483505,0.047375318,6.6055903,0.013046419,6.492643,0.025549391,6.909953,0.044134263,7.5134444,0.04137879,7.7601447,0.114324026,8.845384,0.41878942,9.217305,0.19781204,9.402822,0.021766711
79.0,7.2926283,0.005362671,7.6423416,0.07256942,7.8298254,0.088593744,8.206381,0.046989184,8.457085,0.0750833,8.942142,0.07498465,9.338647,0.044211186,9.711682,0.026183743,9.196194,0.05769467,9.722489,0.04693581,11.141488,0.073664464,11.298018,0.10127323,11.612568,0.1416264,11.605671,0.11069093,11.509661,0.06957869,11.900712,0.052995652,12.294205,0.05520105,12.5542345,0.06693549,13.244506,0.04951661
80.0,12.29361,0.14614964,12.668858,0.16632874,12.85759,0.20036642,12.744367,0.1918548,13.073365,0.1443953,13.571855,0.044573218,13.437688,0.16162694,15.295517,0.11261629,15.34628,0.060899504,16.211843,0.0747881,20.771532,0.59816605,21.708178,0.68050176,23.282482,0.72453475,23.446135,0.6328899,22.123516,0.43510616,22.867146,0.48874265,23.30874,0.2892571,23.722212,0.2893809,23.552658,0.19310805
81.0,5.6224384,0.33084062,5.4377236,0.26445827,5.280866,0.18053377,5.541066,0.30422884,5.6980815,0.1550306,5.838573,0.25083512,5.7192745,0.23154674,6.209721,0.38409492,6.1349826,0.39517426,6.3081293,0.30652517,6.671941,0.37112507,6.8913608,0.41478357,7.1369505,0.6729099,7.70932,0.40303165,8.034472,0.3223178,8.905597,0.5273763,9.200571,0.3333536,9.764333,0.47956273,10.635364,0.45224527
82.0,7.223347,0.12602977,7.2882605,0.17710099,7.3947306,0.15237227,7.566559,0.13072084,7.5084696,0.15199853,7.6858983,0.19713858,7.979111,0.13590045,8.252053,0.13453597,8.586483,0.097511135,9.16654,0.14052933,9.896868,0.16051951,10.2486515,0.17179902,10.546347,0.047852624,11.04986,0.15465453,11.672922,0.12522846,12.205809,0.08062248,12.496702,0.08859319,13.321859,0.020367846,13.656672,0.08619893
83.0,8.925022,0.50714153,8.949161,0.3380264,8.825926,0.35530546,8.666259,0.27081737,8.925834,0.19224575,9.256826,0.2455304,9.229192,0.17874143,9.666205,0.20141986,9.630159,0.3445436,9.427723,0.3268528,9.715845,0.30361483,10.516514,0.22932352,11.265251,0.28344747,11.938712,0.42725125,12.477914,0.36299703,12.853428,0.38701242,14.12092,0.40119058,14.801461,0.57239914,15.6971445,0.44711173
84.0,5.234316,0.04964324,5.604477,0.058739904,5.4458346,0.10989981,5.66548,0.16094568,5.868423,0.12297291,6.1902633,0.16411418,6.1777844,0.15972021,6.425091,0.09751,6.6224847,0.12062192,6.8367844,0.036360983,7.384299,0.09030165,7.723549,0.15982641,7.718256,0.028315762,8.492388,0.058909155,8.723944,0.061129395,8.926551,0.07990033,9.306391,0.034877967,10.023058,0.13637093,10.301726,0.09901508
85.0,4.3789244,0.63054156,4.5289216,0.7014612,4.4520745,0.59376943,4.651307,0.71976537,4.5900717,1.1066288,5.063967,1.0059583,5.242188,1.1153935,5.1824803,1.0963576,5.960668,1.5317969,6.253864,1.968464,6.704649,2.2918615,7.238351,2.608923,7.485355,2.5333743,6.784458,1.9337248,6.974915,1.5696421,7.657788,1.4841979,8.39932,1.3199643,8.353956,1.5226275,8.663099,1.330201
86.0,5.900555,0.032973226,5.7699356,0.038778313,5.750947,0.030305035,5.843064,0.017625164,6.36124,0.043390855,6.695427,0.017941061,6.8043365,0.039394297,7.0614157,0.059497282,7.411243,0.043228105,8.0127945,0.02448965,8.578711,0.010484345,9.130528,0.00983356,9.292697,0.041400418,9.283313,0.06952881,9.326748,0.014662899,9.61261,0.0015640273,10.05475,0.0071192216,10.445332,0.024685591,10.697096,0.053614862
87.0,6.686294,0.09359282,6.50464,0.03833142,6.5369625,0.0306913,6.734813,0.04535284,6.8141074,0.022483751,7.195165,0.022409938,7.566771,0.06288491,8.036339,0.0320667,8.759789,0.039800387,8.867711,0.06421874,9.444884,0.010593408,9.818469,0.015355396,10.243951,0.0011296436,10.4158325,0.0057046087,10.6081085,0.063255586,11.0733385,0.01264149,11.629522,0.046786852,11.929648,0.020063959,12.568223,0.02722096
88.0,3.5559936,1.0900671,3.5527928,0.98471427,3.5969875,0.9093739,3.649718,0.7860128,3.5474343,0.8334097,4.0590987,0.6113078,4.3124146,0.77630097,4.5931597,0.90436965,5.3454847,0.15518215,5.606914,0.3383688,5.5408664,0.9022804,5.7321663,0.8850519,6.1056714,0.98320836,5.7329493,0.9733058,5.8217154,0.8859151,6.816845,1.1208373,7.093161,1.0489873,7.738241,0.9828681,7.772389,0.9356243
89.0,5.0927634,0.046972852,5.2588654,0.008296776,5.583752,0.016790163,5.7044177,0.07305978,6.133891,0.025151843,5.958038,0.061019655,6.159658,0.006526273,6.0846596,0.1380922,6.1041036,0.09642024,6.492428,0.0038729482,6.8454394,0.012126474,6.952863,0.06629463,7.204888,0.071291685,7.540264,0.22484007,7.45003,0.10212133,8.024043,0.11836523,8.751941,0.0039120317,9.514423,0.0757127,9.93816,0.061027937
90.0,8.220545,0.09221186,8.301294,0.115783274,8.185334,0.1293979,8.3605795,0.13592914,8.702671,0.07148609,8.742259,0.06735353,8.628073,0.006801415,9.387387,0.138438,9.017138,0.007102157,9.033896,0.045235477,10.256305,0.06742104,10.736493,0.13866013,11.243194,0.1407376,11.410002,0.13193975,11.62117,0.1441675,11.892402,0.13920836,12.236368,0.0922865,12.598192,0.11564637,13.499333,0.12045122
91.0,6.0075026,0.1952003,6.1115336,0.21394828,6.5076704,0.111947805,6.545767,0.14328212,7.091059,0.19557619,7.5609756,0.20316549,7.36714,0.19239217,7.560788,0.16580088,7.8565764,0.18051732,8.116639,0.16999158,8.705116,0.20587248,9.287657,0.17781927,9.425017,0.23113088,9.99818,0.13911338,10.193389,0.042622805,10.653077,0.05552532,10.789384,0.096770406,11.526441,0.11918941,11.991909,0.051894713
92.0,5.9020476,0.04479428,5.9588537,0.054732397,6.181262,0.09751894,6.2846336,0.11014934,6.6114674,0.16316946,6.927554,0.12874423,7.0950255,0.16765583,7.3869705,0.23854232,7.577283,0.08490381,7.6485844,0.10773957,8.177089,0.07315739,8.584738,0.110900044,9.075076,0.073987946,9.40767,0.12126167,9.529528,0.17597531,9.863213,0.10317726,10.152363,0.0697353,10.733306,0.07024632,11.272664,0.04211612
93.0,5.284779,0.16332333,5.2178125,0.15547992,5.3611503,0.089424066,5.5975776,0.09160844,5.8860626,0.11080408,5.88922,0.20722221,6.334343,0.11735769,6.400108,0.10493144,6.604254,0.10907075,6.8856797,0.03396997,7.094783,0.054268196,7.315923,0.09770098,7.4971786,0.08341043,7.666423,0.100726895,7.816852,0.13031423,8.229421,0.097652555,8.702212,0.0795579,8.854722,0.07500761,9.223098,0.044153947
94.0,4.000186,0.01369102,3.9178987,0.030285953,4.125159,0.04044133,4.225421,0.0024009112,4.2873087,0.058512803,4.3049326,0.063704744,4.4874945,0.015865294,4.4863777,0.0021638516,4.768123,0.03960612,5.0737734,0.02011471,5.368849,0.08728217,5.63921,0.09822737,5.835449,0.07467868,6.031691,0.08555091,6.048652,0.12685025,6.7146163,0.069172524,7.375985,0.15831497,7.848939,0.005952202,7.891054,0.061385676
95.0,4.5495577,0.4001055,4.392241,0.2527439,4.499326,0.4045295,4.3378196,0.26917624,4.342809,0.30790383,4.998881,0.68196666,5.2426753,0.6226198,5.230147,0.716363,5.3256965,0.716015,5.518198,0.65640146,5.7966347,0.6161712,5.438518,0.8496208,5.450888,0.6025459,5.891067,1.2800592,6.084205,1.3716524,6.9887567,1.0318338,7.1533437,0.9838116,7.9526606,0.9317295,8.166183,0.45279
96.0,7.700396,0.295595,7.7626133,0.29070204,7.7151628,0.24664947,7.884417,0.13081948,8.312065,0.1654597,8.647046,0.17880413,8.799301,0.14808014,9.220056,0.047989894,9.284766,0.045747872,9.625562,0.10083119,10.18414,0.36671168,10.937457,0.2588672,11.28202,0.35566258,11.401409,0.310782,11.349341,0.30701676,12.0403,0.2801879,12.259201,0.32671946,12.756602,0.36645624,13.891567,0.48140538
97.0,6.6326494,0.052867163,6.726753,0.05674998,6.938011,0.09727261,7.0132604,0.0681779,7.2184167,0.061767474,7.52857,0.022583367,7.6613507,0.01375954,8.349292,0.055361565,8.73608,0.053856205,9.035147,0.08909014,9.931707,0.09437701,10.380351,0.13442151,10.871541,0.13610835,11.31759,0.13369577,11.001935,0.12621121,11.308413,0.1570484,11.671506,0.107348755,12.316644,0.21296641,12.969415,0.06398069
98.0,5.226318,0.007796784,4.969156,0.029313048,5.312654,0.046938524,5.4776883,0.06512886,5.660535,0.023607137,5.7619233,0.094963335,6.2892885,0.08069222,6.394739,0.07588561,6.426583,0.1650548,6.8059597,0.08485833,7.016257,0.15439036,7.4830627,0.13544957,8.025023,0.20029157,8.339403,0.06398989,8.748541,0.1657542,8.976296,0.028571105,9.130853,0.15624966,9.677167,0.18742815,10.061692,0.1074531
99.0,4.5097537,0.02314916,4.4824185,0.053604845,4.4088883,0.0845293,4.7187285,0.053114254,4.9969373,0.07611921,4.852256,0.06740678,5.129623,0.09306407,5.5085697,0.08613832,5.4832187,0.032616742,5.891408,0.0077171847,6.704032,0.08865175,6.390641,0.062368467,6.8536053,0.08211932,6.5744596,0.047945328,7.3199387,0.07147184,7.2747064,0.03923537,7.823026,0.20859599,8.456291,0.18038931,9.237459,0.049020525
100.0,6.5615945,0.067302346,6.6069636,0.02059928,6.646402,0.047291584,6.694171,0.11981229,6.794414,0.14433679,7.0039897,0.17661682,7.200476,0.15828793,7.392914,0.08846505,7.818855,0.18512358,8.081182,0.16144384,8.447139,0.16561672,8.723632,0.14397474,9.279289,0.18538487,9.735215,0.16305572,10.262377,0.07373405,10.610925,0.06986051,11.226067,0.12649168,11.498927,0.12414089,11.875869,0.0937575
101.0,5.028988,0.08206888,5.0516505,0.070247084,5.1488323,0.061641198,5.419362,0.10014465,5.585779,0.13197628,5.683117,0.3663826,5.907386,0.27865154,5.8311687,0.1449186,6.1800056,0.084815726,6.399353,0.036107022,6.598435,0.02847314,7.0235767,0.07985337,7.654373,0.14303544,8.278203,0.06897847,8.1311865,0.10127373,8.903838,0.04100891,8.780761,0.019646564,9.248674,0.11994751,9.551024,0.12970841
102.0,6.930328,0.09387685,7.012004,0.08590287,7.1313863,0.11756783,7.2932043,0.15627511,7.6311817,0.15086459,7.799019,0.14875247,8.165739,0.15262212,8.913751,0.22866717,10.059118,0.17198376,9.609003,0.06663992,10.058993,0.19742885,10.638891,0.14499389,10.853258,0.13104972,11.227322,0.13727948,11.509375,0.06934398,11.958785,0.10441815,12.4674225,0.103983074,12.390512,0.10900724,13.336714,0.11309135
103.0,6.617145,0.057739265,6.6034937,0.030665858,6.7125735,0.033881243,6.7415795,0.029699806,7.00349,0.031899832,7.2161098,0.04377155,7.654843,0.03404671,8.253716,0.058299463,8.557599,0.013831875,8.842403,0.024157502,9.988739,0.04421301,10.501301,0.06256829,10.8905,0.091352224,11.278373,0.035071258,11.39163,0.008190634,12.06038,0.030416427,12.430384,0.03413525,13.152657,0.10033075,13.914039,0.053785883
104.0,6.047541,0.15060173,6.454234,0.16721033,6.19492,0.22006579,6.0675797,0.09977175,6.18109,0.090878114,6.1325545,0.044402044,6.431824,0.11304598,7.151513,0.15990339,7.4609103,0.13968801,7.84467,0.092380606,8.145194,0.09991692,8.570838,0.15955296,9.002438,0.15082645,9.159563,0.09238472,9.992631,0.15442078,10.235246,0.244203,10.407208,0.12262359,10.874982,0.16396141,11.903412,0.06831852
105.0,5.7190404,0.049809895,5.5191584,0.10891245,5.437206,0.11064665,5.6799216,0.17660053,5.5788593,0.0056579295,5.9689584,0.21344292,6.711466,0.09915135,6.831183,0.00091513747,7.071552,0.18330893,7.250432,0.1356241,7.5178022,0.26134652,7.9043036,0.21899022,8.465324,0.021432495,8.134749,0.10245666,8.862982,0.4293623,9.235753,0.068250105,9.508208,0.3104105,9.819993,0.09229731,10.50475,0.2325045
106.0,5.6769876,0.002905559,5.9648952,0.068704404,6.1152563,0.06658159,6.2118564,0.07922844,6.149971,0.117793955,6.2820997,0.06526037,6.675337,0.047155965,6.8685203,0.030828271,7.1779375,0.08487834,7.8750005,0.111106254,8.353081,0.0732961,8.925203,0.11777101,9.553811,0.12199667,10.450979,0.0774194,10.202729,0.05947072,10.90339,0.13667874,11.560124,0.13010764,12.152758,0.07713326,12.613624,0.054481834
107.0,6.095991,0.031154126,6.2110605,0.08233873,6.052907,0.08359911,6.064711,0.10408523,6.3513203,0.068992406,6.4793773,0.09754059,6.7908263,0.13777556,6.9190207,0.17015933,6.9422197,0.14302182,7.119671,0.099409156,7.4252963,0.17140493,7.4154067,0.16852857,7.592044,0.15842019,7.8993473,0.19949909,8.111617,0.199519,8.63201,0.22175361,8.95816,0.17345089,9.295908,0.20003451,9.809297,0.28086895
108.0,5.3946695,0.15719323,5.5977407,0.12709378,5.4855313,0.06477606,5.4156065,0.19256422,5.5318203,0.011529678,5.8958764,0.05744261,5.8941402,0.1433047,5.880999,0.07094405,6.1033096,0.05572107,6.217558,0.0726857,6.4856915,0.26426294,6.8156743,0.15105823,6.920736,0.1293986,7.072565,0.23362872,7.3086705,0.2143237,7.870009,0.24421021,8.838204,0.17067616,9.3692,0.22608843,10.052328,0.15682219
109.0,6.4241366,0.21591075,6.713533,0.22285882,7.000507,0.27363604,7.537814,0.29683,8.24405,0.3642508,8.933203,0.35247386,9.555301,0.34148064,10.259515,0.41806257,10.595982,0.3340819,11.416659,0.44255346,13.035137,0.5726026,14.062932,0.6779404,15.219688,0.9715362,14.8151,1.028833,15.699669,0.9564226,18.09441,1.2560358,17.354221,0.53565174,18.369192,0.6463057,17.774538,0.18715502
110.0,5.877148,0.015190573,5.6092515,0.01216965,5.457956,0.006875525,5.6708426,0.0064986576,5.7922397,0.008719366,5.7241855,0.028991686,5.420019,0.010217295,5.705833,0.004088473,5.712393,0.0075019198,5.75123,0.00071302993,5.7567434,0.028198767,5.7554417,0.010031603,5.7101374,0.033301305,5.995991,0.009255833,6.176275,0.03820917,6.513926,0.035034843,7.120263,0.025225757,7.438621,0.029698102,8.297771,0.0056606885
111.0,4.8716874,0.17366971,4.7116613,0.115263626,4.8139205,0.065102875,4.8298283,0.21931861,5.058369,0.15609543,5.343856,0.16976912,5.428808,0.07317569,5.2555337,0.10819032,5.3533354,0.16990267,5.262339,0.2926332,5.2737727,0.10096998,5.0642905,0.6087847,5.32707,0.44833595,5.861943,0.235514,5.776608,0.37825295,6.6163144,0.035973188,6.84443,0.06933591,7.3539095,0.020537945,7.2908688,0.20741975
112.0,4.904225,0.010414813,5.0673437,0.048470657,5.061454,0.06208824,5.1290607,0.016910544,5.130402,0.0022190781,5.0487237,0.030891422,5.2846103,0.07782132,5.2430997,0.11645566,5.2776866,0.103078015,5.1577454,0.071287416,5.3528066,0.03320876,5.510297,0.00091179577,5.5455317,0.0040255818,5.682728,0.084339954,6.0659504,0.068179734,6.3195863,0.015030505,7.083715,0.06492316,7.116296,0.24022382,7.282866,0.3044067
113.0,5.863596,0.41857597,5.6946697,0.07052339,5.6231594,0.063478805,5.5605035,0.08180805,5.3363023,0.3556504,5.769284,0.13752484,6.17062,0.008135692,6.228418,0.096359596,6.237206,0.11870795,6.5502095,0.20657562,6.6938686,0.0048973565,7.6771355,0.4545896,8.284025,0.37846223,8.978481,0.5716798,9.522808,0.6696816,10.924624,0.81687486,10.9445,0.27375153,11.31474,0.03499697,11.321719,0.54805577
114.0,6.975817,0.7752615,7.0010114,0.9884532,6.8042855,0.38094,7.001773,0.55790466,6.818511,0.45118698,6.824167,0.16134979,6.783683,0.09752954,6.891801,0.2619566,7.1200323,0.24078897,7.435866,0.31255558,7.4652505,0.7038613,7.9812484,0.6859852,8.515577,0.5845813,9.281679,0.41454202,9.511677,0.4712389,10.303155,0.54610854,10.319362,1.0746051,10.290886,2.5108733,11.07253,2.0881052
115.0,4.677448,0.21046889,5.036226,0.24250756,5.0572844,0.15186055,5.031141,0.13303806,4.9949293,0.03545463,4.615311,0.06573321,4.6074266,0.12102159,4.6776104,0.1347468,5.215254,0.32202414,5.7234483,0.3759378,6.013375,0.50592375,6.57057,0.3792672,6.5844493,0.092761666,7.1153398,0.007978881,7.2627926,0.13782442,7.6787553,0.045444272,8.072925,0.27978787,9.342274,0.5454335,9.6234665,0.28316274
116.0,4.726355,0.04442618,4.6868205,0.07029482,4.483202,0.07606018,4.621574,0.08177598,4.7807646,0.07530268,4.9696975,0.07442871,5.035064,0.06950828,4.916551,0.08134595,5.11649,0.05154524,5.617602,0.040060457,5.6753273,0.046211462,6.0139675,0.02410058,6.1158924,0.014272703,6.633183,0.0029662338,6.9117947,0.057691514,7.109771,0.084204905,7.4109,0.039203413,8.5487385,0.16258532,8.840156,0.035624735
117.0,4.2864027,0.03214168,4.374294,0.011054949,4.3497047,0.012659066,4.506734,0.12106511,4.5927143,0.04781242,4.710272,0.015671818,4.79889,0.0022789973,5.0369062,0.013050666,4.87517,0.11317665,4.900099,0.1402109,5.187151,0.11809695,5.0170355,0.053508963,5.3373065,0.13191554,5.3940644,0.0453649,5.814095,0.16304773,5.919292,0.08429956,6.8837795,0.23592722,7.179714,0.21810128,7.2047434,0.08924677
118.0,5.1190147,0.09131664,5.2397428,0.050614692,5.1410127,0.03971729,4.916272,0.00966884,5.0100074,0.013502157,4.5984316,0.055045903,5.188279,0.013137992,5.8036118,0.016896976,5.6947327,0.0042313677,5.615414,0.032688133,5.739021,0.00026941244,6.025354,0.020186964,6.061019,0.06124999,5.9749055,0.062100183,6.1153226,0.015268128,6.404679,0.013493615,6.8678026,0.016634347,7.553195,0.016929863,8.121126,0.0015838144
119.0,7.046077,1.0175756,6.751464,0.7125254,6.422479,0.39566827,6.22233,0.15296163,6.1343875,0.2758107,6.2515283,0.30765077,6.2303696,0.18301694,5.980904,0.030534424,6.024088,0.086668186,6.1976523,0.09737363,6.188536,0.16379933,6.432232,0.24820511,6.629657,0.13222748,7.5111337,0.5461487,7.887604,0.4649601,8.354959,0.56476015,13.267115,2.495599,10.190608,0.6435131,9.497026,1.1897241
120.0,4.9808955,0.21015932,4.869658,0.338186,5.019983,0.26717925,5.276629,0.30919674,5.4130335,0.19428276,5.324443,0.3871067,5.258253,0.31376994,5.0928674,0.18204366,5.013271,0.06248435,5.8779263,0.033639543,6.0410943,0.06884739,5.8742294,0.12603922,5.3245654,0.07329909,5.4960785,0.09528551,5.770367,0.115899615,6.1238565,0.17543335,6.2971716,0.0883348,6.260808,0.7494589,6.6336765,0.15706094
121.0,5.8858366,0.03495212,5.8059573,0.014790832,5.872769,0.0019327839,5.749576,0.13172399,5.672544,0.2615972,5.9011025,0.23866707,6.4346366,0.070339,6.483634,0.007164284,6.2579775,0.11221131,6.438562,0.20812097,6.6245756,0.23573762,6.7908506,0.18375005,7.1006584,0.23943225,7.4629717,0.23313105,7.5782466,0.27578953,8.15007,0.19278017,8.76157,0.20791037,9.1869135,0.20714645,9.792314,0.22816893
122.0,5.8741703,0.113571525,5.478578,0.09790641,5.5509696,0.06772556,5.1835403,0.05940731,4.902422,0.039816152,5.379959,0.09461266,5.3485403,0.053628244,5.1598506,0.09058627,5.274764,0.09348948,5.4026437,0.10956432,5.3074427,0.08304907,5.489277,0.094288975,5.5145607,0.11956789,5.6344604,0.19446783,5.264719,0.20004201,5.5234904,0.12722851,6.171149,0.16340314,6.5141916,0.12908316,6.9078803,0.09415689
123.0,4.9120755,0.55446774,5.352498,0.67002726,5.4575534,0.70108247,5.6535244,0.5624701,5.5687394,0.58317447,5.6977315,0.6980339,5.8314743,0.6221745,5.9561467,0.703368,6.028999,0.8077437,6.0710545,0.6855234,6.6009717,0.8066814,6.8064866,0.8608104,6.8083086,0.82234395,6.742788,0.73641324,6.872611,0.8185923,8.432275,0.99909836,8.493362,0.8471657,8.80433,0.9422068,9.575659,0.9300938
124.0,5.8164372,0.060461212,5.7245383,0.05822214,5.984663,0.050723705,5.9871774,0.037256844,6.036849,0.08437037,5.9884586,0.10008897,5.948066,0.12122564,6.141027,0.12765527,6.145823,0.100452356,6.10137,0.09880989,6.4364557,0.09241395,6.491811,0.08505582,6.4275947,0.12234929,6.9173055,0.12804486,6.746377,0.15348057,7.505751,0.14586471,8.055593,0.15234326,8.636492,0.19321156,8.662926,0.25317425
125.0,5.547205,0.09739838,5.419186,0.088679075,5.769428,0.07322364,5.7424927,0.028087309,5.7980423,0.037365146,6.0264373,0.097463794,6.525325,0.029973347,6.67715,0.028730161,6.8767753,0.021612443,7.047187,0.06458437,6.854768,0.04458765,6.906494,0.09630604,7.060651,0.073928565,7.3560905,0.05468432,6.420454,0.11249398,8.341867,0.19955836,9.297084,0.09941444,10.07086,0.23789883,10.586578,0.14810275
126.0,4.9483495,0.028148914,4.9251184,0.019859828,4.848444,0.006421436,4.7222137,0.005413828,4.803121,0.035007194,4.893739,0.036619402,4.9801335,0.021912456,5.0086117,0.02172487,5.102783,0.028527757,5.224059,0.026295992,5.2069025,0.044016793,5.206971,0.023354555,5.2553754,0.027911598,5.3301334,0.043846775,5.4627433,0.051758826,5.6063914,0.016970951,5.7772884,0.018929176,5.870435,0.012930153,6.049915,0.03255024
127.0,6.1819205,0.025040213,6.316419,0.055011075,6.3351655,0.040233463,6.528821,0.04844528,6.872929,0.083043374,7.2259626,0.1083831,7.691564,0.12860094,7.923699,0.048699178,7.9981213,0.051502712,8.102808,0.08165775,8.833606,0.1906124,8.805469,0.1695311,8.910954,0.248634,9.375827,0.38584328,9.510309,0.35800004,10.120633,0.31405985,10.451054,0.15469618,10.677065,0.058529466,10.983108,0.014096065
128.0,4.9883537,0.043200407,4.989108,0.059352722,5.023147,0.022031186,5.0519624,0.0072230226,5.0441856,0.021144446,5.1463904,0.017056158,5.263904,0.01530146,5.2157226,0.051651288,5.2918677,0.059922423,5.460558,0.036131963,5.46352,0.03851929,5.4707403,0.05360032,5.4878535,0.07033764,5.765496,0.033865932,5.914171,0.09115204,5.847054,0.030582277,6.2406373,0.0029277864,6.302444,0.020425767,6.432107,0.046598874
129.0,5.2772923,0.046678938,5.2169814,0.036076836,5.188071,0.0741811,5.1106734,0.040187687,5.2992563,0.088070415,5.4315157,0.060618907,5.7924304,0.14757854,6.2405205,0.18942136,6.718952,0.22536016,7.1116467,0.18552181,7.423009,0.15909351,7.673032,0.0996938,8.00226,0.18568869,8.576278,0.22280797,8.625381,0.1542055,9.102371,0.087412424,10.036399,0.020446686,10.490736,0.00010610217,10.523712,0.050210305
130.0,4.866311,0.017879028,4.943039,0.03061126,5.0010934,0.019790977,4.809563,0.022648336,5.0515165,0.0003488928,5.1441336,0.030588184,5.3537326,0.05229341,5.495477,0.059263498,5.4715934,0.038634934,5.4363613,0.04013137,5.698019,0.058609605,5.880277,0.06337795,5.8703613,0.06892016,5.875241,0.055322573,5.8500705,0.046739634,6.2428207,0.03198136,6.6620097,0.06305898,7.0244756,0.07833031,7.1986413,0.085132524
131.0,4.843266,0.28986257,4.90152,0.19645403,4.9660087,0.15666945,5.276991,0.06951126,5.509161,0.0999685,5.5243874,0.124128066,5.701879,0.14008135,5.7811584,0.1770794,5.887745,0.15310499,6.1879506,0.1791068,6.2052445,0.24658418,6.7030916,0.15510888,6.745825,0.17541298,6.700804,0.17303242,6.853567,0.1893869,7.096169,0.20822358,7.441283,0.22655089,7.717782,0.20094715,8.011849,0.18496034
132.0,5.3927536,0.029913835,5.378692,0.053558506,5.2405105,0.06585404,5.362331,0.0680897,5.489432,0.08313589,5.5849233,0.077381544,5.663433,0.07089147,6.0502815,0.07442905,5.9530873,0.057651926,6.1494846,0.06088538,6.272645,0.08037694,6.4471517,0.10113802,6.4456654,0.10298502,6.644122,0.11294285,6.7321157,0.13216487,7.277178,0.10393583,7.6883793,0.088559456,8.060616,0.10112894,8.290696,0.06264455
133.0,4.8313494,0.1659139,4.690619,0.20864123,4.5703287,0.12650362,4.7866936,0.084910065,4.8059025,0.049692333,4.784158,0.13016064,5.156341,0.037913572,5.287912,0.052584425,5.076092,0.116963476,5.294344,0.17145766,5.1284556,0.21047592,5.335934,0.25451377,5.3409457,0.2480914,5.530224,0.2385931,6.1291037,0.22544263,6.327408,0.26727208,6.333092,0.23313087,6.661278,0.30750564,6.961297,0.32764414
134.0,5.459648,0.060720325,5.8004217,0.03689826,5.720015,0.04021298,5.9217215,0.059434723,6.117638,0.05861646,6.554187,0.041886464,6.7201943,0.07183813,6.6989512,0.07571388,6.830228,0.09075625,7.065911,0.07127524,7.311062,0.08332707,7.509775,0.08579985,7.612564,0.08595347,7.861904,0.07225307,7.972674,0.09508502,8.405816,0.07186332,8.701096,0.07298088,9.353276,0.04414721,10.118696,0.029821806
135.0,4.702825,0.10106786,4.6491714,0.019767657,4.720278,0.05709411,4.7475324,0.023961356,4.7069564,0.028531067,4.7881374,0.030919908,4.767694,0.020757627,4.717225,0.029491555,4.9926276,0.045879435,4.960045,0.053204335,5.1925774,0.040448852,5.2526555,0.0278252,5.305306,0.036571007,5.3320904,0.04936506,5.4008403,0.04289019,5.719226,0.076889284,6.0268764,0.061498657,6.3425436,0.11059155,6.66683,0.0914369
136.0,7.2635174,0.02689718,7.387676,0.07760952,7.3948426,0.17439917,7.3700094,0.39628747,7.476069,0.32524198,8.052833,0.18779762,7.9811525,0.06784554,9.034193,0.14686042,8.441205,0.12302849,8.235744,0.07548564,8.479977,0.15277839,8.847266,0.1401668,9.712808,0.14316756,9.227331,0.1652769,8.75384,0.18186863,9.758022,0.22043264,10.23112,0.3362983,10.800956,0.18366829,11.394564,0.2686818
137.0,4.995033,0.025852602,4.85963,0.0460251,4.900207,0.0041411915,4.960094,0.027505927,4.9990892,0.021427829,4.9954247,0.031816397,5.235058,0.013625668,5.313435,0.023315605,5.440409,0.06887121,5.3507156,0.051871695,5.5046854,0.05617361,5.5080457,0.049920946,5.4638896,0.06694289,5.687507,0.041412096,5.8385906,0.06944964,5.98871,0.08599539,6.2648306,0.10563093,6.4672685,0.07164758,6.590536,0.126734
138.0,5.223912,0.02459603,5.2462854,0.03692646,5.173039,0.026360653,5.1308966,0.029193116,5.225611,0.030813843,5.2956967,0.05738561,5.3839216,0.04774065,5.2907796,0.042153955,5.573278,0.04766695,5.776157,0.08322506,5.878113,0.12414497,5.9358983,0.037909873,6.1057744,0.041117392,6.2534604,0.026448121,6.3256574,0.026177201,6.5320296,0.009478069,6.778007,0.019209169,7.048984,0.03467989,7.421149,0.0007381105
139.0,4.655693,0.025592452,4.748544,0.059200753,4.6571436,0.008431188,4.877617,0.0144476,4.8555737,0.0052115247,4.8975782,0.013303821,5.0676284,0.024346126,5.055625,0.060697693,4.9340625,0.0025631727,5.268617,0.007534897,5.5051126,0.02089882,5.5731735,0.0019014967,5.6633425,0.026544128,5.7369485,0.044147752,5.7215185,0.006141225,5.8497143,0.025999535,6.2384152,0.050779603,6.3650517,0.010443066,6.3507915,0.014050801
140.0,5.2996373,0.0146619445,5.173105,0.015645925,5.3023624,0.013171691,5.0774584,0.0223676,5.2696056,0.004781678,5.3466425,0.040880505,5.3999743,0.021622362,5.29491,0.06209724,5.340411,0.12306739,5.4123974,0.08577172,5.529353,0.0020456365,5.672477,0.056861665,5.853786,0.013080301,5.9533787,0.0118581215,5.911326,0.00025890997,5.9455643,0.003426049,5.8618402,0.0068222783,6.340144,0.0016596942,6.502777,0.051102947
141.0,6.156823,1.5285033,5.8005996,1.2550862,5.378898,1.2257684,5.166241,0.8364918,5.188742,0.81892276,5.7537827,1.3061675,5.4897804,1.0687467,6.185788,2.2276216,5.955964,1.5196894,6.0400457,1.6011914,5.785207,1.6293774,6.6040864,2.2482607,6.913521,2.7786593,6.3272557,1.8195459,6.302197,1.4142079,6.304895,1.4752339,6.741455,1.2698741,6.703917,1.4611572,7.1161413,1.68473
