llm_id,pprice_qm2007,pprice_qm_se2007,pcv2007,pprice_qm2008,pprice_qm_se2008,pcv2008,pprice_qm2009,pprice_qm_se2009,pcv2009,pprice_qm2010,pprice_qm_se2010,pcv2010,pprice_qm2011,pprice_qm_se2011,pcv2011,pprice_qm2012,pprice_qm_se2012,pcv2012,pprice_qm2013,pprice_qm_se2013,pcv2013,pprice_qm2014,pprice_qm_se2014,pcv2014,pprice_qm2015,pprice_qm_se2015,pcv2015,pprice_qm2016,pprice_qm_se2016,pcv2016,pprice_qm2017,pprice_qm_se2017,pcv2017,pprice_qm2018,pprice_qm_se2018,pcv2018,pprice_qm2019,pprice_qm_se2019,pcv2019,pprice_qm2020,pprice_qm_se2020,pcv2020,pprice_qm2021,pprice_qm_se2021,pcv2021
1,1562.9214,28.211523,.018050507,1548.1313,13.090336,.0084555717,1492.1417,20.183777,.013526715,1570.2788,1.7115029,.0010899357,1675.4568,.035142936,.000020975138,1723.057,41.249908,.023939956,2000.6671,51.798374,.025890552,2072.7166,103.2571,.049817279,2134.219,46.638332,.021852646,2559.301,76.392975,.029849155,2791.3882,111.59631,.039978787,2805.5972,159.46292,.056837425,2870.4829,203.70796,.070966445,3381.7202,124.78944,.036901172,3889.8311,232.85933,.059863608
2,1599.3392,145.26892,.090830587,1595.9568,139.93352,.087680019,1471.5682,82.858528,.056306276,1513.7446,122.1042,.080663674,1527.1835,77.887245,.05100058,1727.1769,115.452,.066844344,1819.0211,123.4694,.067876838,1897.6149,135.03156,.071158566,2032.8229,181.87712,.089470223,2239.9204,178.15245,.079535171,2570.5303,47.961552,.018658232,2810.2397,126.49239,.045011245,3180.6782,66.358086,.020862874,3525.064,50.665092,.014372815,3924.7527,112.39403,.028637225
3,1091.7736,19.747011,.018087095,1087.5747,38.510563,.035409581,1124.894,38.640701,.034350526,1218.7021,22.535494,.018491387,1171.8295,83.593422,.071335822,1229.5521,23.994074,.019514482,1193.047,39.094715,.032768797,1193.4139,3.2086065,.0026885949,1249.2167,52.26421,.041837584,1400.5675,4.967247,.003546596,1565.7402,3.2249858,.0020597195,1710.7252,109.59692,.0640646,2018.8445,97.775543,.048431437,2050.5762,9.7880621,.004773323,2620.9314,50.688869,.019340022
4,1339.6266,28.235331,.021077016,1407.8121,17.480904,.012417071,1315.5927,13.617341,.010350727,1405.4089,36.831982,.026207305,1508.8502,32.927856,.021823145,1558.2161,43.341652,.027814917,1636.3622,24.037172,.014689396,1791.3879,28.745275,.016046371,1853.2981,35.952431,.019399162,2137.6396,64.125336,.029998196,2246.2632,60.76981,.027053736,2408.2644,47.974068,.019920599,2364.6196,88.186691,.037294239,2709.3596,132.40279,.048868664,3158.448,102.45858,.032439534
5,2821.698,48.439636,.01716684,2895.9468,50.438511,.017416934,3066.718,4.8159809,.0015704023,3309.2061,41.716698,.012606256,3820.5178,70.42907,.01843443,4469.041,33.659058,.0075316061,4692.5996,73.394669,.015640514,4886.4189,98.968735,.020253837,5304.5269,146.22993,.027567009,5585.7314,46.560707,.0083356509,6257.5303,11.551184,.0018459653,6678.4077,123.69945,.018522296,7119.9502,163.62488,.022981184,8105.6499,117.81004,.014534312,9406.7188,6.1569438,.00065452617
6,1549.1598,25.59543,.016522137,1525.9868,12.737004,.0083467327,1461.3193,6.180923,.0042296867,1496.5994,11.128041,.0074355514,1558.0109,14.949021,.0095949406,1629.0299,29.014977,.0178112,2005.1604,48.617138,.024246009,2134.1829,85.001862,.039828762,2249.2471,107.81115,.047932107,2750.1472,90.789116,.033012457,2686.3606,119.63695,.044534955,2867.407,64.59095,.02252591,3313.5132,135.3913,.040860347,3349.7659,123.24638,.036792535,3546.8618,52.114975,.014693263
7,1478.9711,58.898872,.039824221,1414.0908,46.870235,.033145137,1330.4603,54.71582,.04112548,1356.2311,53.311878,.039308846,1426.0586,21.351543,.014972417,1437.4941,18.051413,.012557556,1669.3832,77.4207,.046376832,1847.6775,61.603672,.03334114,2051.3789,53.84129,.026246389,2295.9329,145.90936,.063551232,2405.7625,61.356377,.025503922,2545.9314,75.529846,.029666882,2503.6008,213.8806,.085429192,2735.571,123.47402,.04513647,3103.1799,153.77634,.049554437
8,1105.0579,25.290155,.02288582,1183.6504,21.82025,.018434709,1050.4924,9.3457298,.0088965232,1074.0313,91.234833,.084946163,1062.7014,3.4751546,.0032701138,892.54218,20.31296,.022758543,1061.9928,26.83713,.025270538,1133.9482,37.768475,.033307053,1233.3097,40.740837,.033033744,1258.7511,18.061218,.014348523,1042.7832,1.0787756,.0010345158,1344.1597,51.396275,.038236734,1495.4135,154.77159,.10349753,1790.8247,168.83405,.094277263,1878.4415,3.7825675,.0020136733
9,1038.5203,85.323692,.082158908,919.98279,47.834332,.051994812,972.16357,39.123009,.040243238,947.58124,25.94173,.027376788,922.02753,5.8648477,.0063608163,824.98346,28.843317,.034962296,850.776,23.418043,.027525511,789.75494,13.94816,.017661378,885.12994,19.698507,.022254933,951.18335,3.6485081,.0038357568,1098.2709,18.557093,.016896645,1098.2411,71.033531,.064679362,1170.4041,.48143071,.00041133718,1243.208,63.849468,.051358636,1576.4858,28.775503,.018252941
10,1743.449,46.691166,.026780918,1759.792,31.896357,.018125072,1645.3568,28.636154,.017404221,1712.2225,37.061916,.021645501,1763.8042,30.802513,.01746368,1924.5905,47.685703,.024777066,2195.2939,46.312202,.021096129,2381.5571,47.273937,.019850012,2665.9751,76.410858,.028661504,2991.8088,101.23567,.033837613,3233.7661,52.088593,.016107718,3501.8608,87.131836,.024881581,4004.7886,100.53967,.025104864,4463.061,121.05466,.027123684,4909.4189,40.198917,.008188121
11,1123.5571,20.438358,.01819076,1132.3719,6.8815989,.0060771541,1102.738,6.7025833,.0060781282,1046.6115,6.101994,.0058302381,990.34637,.50117165,.00050605694,902.24103,33.5686,.0372058,981.40039,40.04715,.040806126,995.93683,54.487473,.054709766,1066.1329,20.489395,.019218424,1093.0093,34.211082,.0312999,1121.7002,43.165062,.038481817,1218.0969,1.3900781,.0011411884,1257.8972,46.217003,.036741477,1578.567,164.02423,.10390704,1731.0923,149.95537,.086624712
12,1054.1389,43.830509,.041579444,1016.077,17.140337,.016869131,1074.351,23.731577,.022089222,1087.1451,34.937332,.032136768,1016.6014,8.7190294,.0085766455,1062.4417,28.914204,.027214862,1157.0713,48.264355,.041712515,1080.4614,29.510691,.027313044,1248.7775,65.541183,.052484278,1429.5787,49.563301,.034669865,1471.4095,42.34124,.028775971,1538.3512,32.323029,.021011475,1709.6044,45.709476,.026736874,2071.4583,3.2283225,.0015584782,2485.457,8.524045,.0034295684
13,803.68945,83.88916,.10438007,762.25751,75.87735,.099542938,745.59467,37.994411,.050958533,814.56287,79.103844,.097112015,785.02631,18.332975,.023353327,861.92297,85.830109,.099579789,857.60071,90.028763,.10497748,847.21899,113.44199,.13389926,800.23096,105.58395,.13194184,827.26727,196.36972,.23737156,901.73993,127.6837,.14159703,1006.5389,129.20503,.12836567,1023.1962,79.099426,.077306211,1151.9843,109.77834,.095295005,1286.6127,192.43408,.14956644
14,1365.1427,45.921768,.033638805,1348.3887,8.6961279,.0064492738,1245.5337,31.574846,.025350455,1287.111,2.7494643,.0021361518,1252.1102,16.329496,.01304158,1280.4678,37.620193,.029380038,1367.0071,58.40601,.042725462,1553.7327,136.91342,.088119037,1647.1194,74.74752,.045380756,1593.5383,113.95639,.071511544,1739.8325,12.917391,.0074245026,1830.9138,3.900892,.0021305711,2202.6057,55.305248,.02510901,2325.1377,73.493614,.031608284,2802.157,244.43185,.087229893
15,1003.6255,24.862444,.024772629,1031.8022,23.283005,.022565376,980.46545,36.395584,.037120722,878.66937,45.444553,.051719744,896.0188,12.528457,.013982359,956.58911,39.402817,.041190952,1012.8741,50.716576,.050071944,940.95508,22.66873,.024091192,1010.3835,19.091291,.018895093,1156.2488,25.936705,.022431768,1357.3538,.46711281,.0003441349,1526.7485,10.920222,.0071526007,1670.957,86.456116,.051740479,1835.4017,75.174026,.040957805,2111.7407,50.727806,.024021797
16,989.5592,11.432727,.011553353,1043.9221,13.478262,.012911175,979.99628,25.377089,.025895087,1009.4297,24.412804,.024184749,1009.6979,17.827658,.017656429,965.88782,41.617271,.043087065,1157.5879,82.537552,.071301326,1153.5472,63.056004,.054662697,1090.6469,37.708797,.03457471,1128.6306,73.007965,.064687207,1166.9985,100.24667,.085901275,1468.5869,50.374855,.034301583,1597.6632,23.143785,.014486022,1714.3718,37.206978,.021702981,1952.8429,155.60681,.079682194
17,1468.1322,69.586098,.047397707,1463.2233,65.481895,.044751815,1486.6917,58.803612,.039553333,1600.8749,31.22686,.019506121,1676.1145,38.03595,.02269293,1862.1069,12.80996,.0068792831,2184.4231,26.78874,.012263531,2240.7896,88.270523,.039392598,2488.1841,33.976009,.013654942,2583.9792,13.660808,.0052867327,2787.252,26.982697,.0096807526,2886.801,47.259209,.016370788,3270.3101,44.289303,.013542845,3618.3086,9.0502272,.0025012314,4008.1516,86.254578,.021519789
18,1400.7124,5.6056662,.0040020109,1409.0835,5.8198562,.0041302424,1325.6019,15.28572,.011531154,1324.7319,10.070864,.0076021897,1382.7766,18.319895,.013248629,1435.9362,15.047557,.010479266,1509.876,42.713684,.028289532,1717.1055,76.322021,.04444807,1841.0911,34.941097,.018978473,2195.113,48.650742,.022163205,2051.7222,112.79567,.054976095,2277.0872,74.177193,.032575473,2400.9229,144.49756,.060184173,2842.7131,84.387169,.029685432,2696.2141,109.51208,.040616982
19,1175.4872,7.4230318,.0063148555,1184.6975,5.129952,.0043301787,1111.1763,5.7366562,.005162688,1213.3344,24.770714,.020415407,1448.8346,77.717003,.053641047,1224.5172,47.60931,.038880065,1215.2377,122.83906,.10108233,1287.8768,50.903912,.039525449,1442.2609,69.324715,.048066694,1448.4332,70.202087,.048467603,1475.1267,55.310677,.037495542,1789.9773,43.105545,.024081616,1728.3939,108.07098,.062526822,1754.925,84.606804,.048211064,2261.1372,131.31767,.058075942
20,1127.432,38.762798,.034381494,1207.6671,45.846279,.037962679,1146.7137,4.1521201,.0036208862,1171.0784,1.3549109,.0011569771,1155.0718,5.2743392,.0045662438,1146.3026,26.982885,.023539059,1279.5695,24.839676,.019412527,1303.1858,1.7040775,.0013076244,1417.9877,1.8591108,.001311091,1265.6563,22.965004,.01814474,1337.6902,55.811844,.041722547,1427.7196,18.02136,.012622478,1648.6809,42.338261,.025680082,1877.897,85.256584,.045400035,2036.7144,110.89246,.054446738
21,1181.9449,73.476151,.062165458,1216.7399,30.72893,.025255134,1234.2699,21.2437,.017211551,1299.0984,14.15769,.010898089,1301.416,72.477158,.055691,1405.5272,37.13488,.026420606,1460.8601,46.091999,.031551275,1578.1208,21.092035,.013365285,1629.931,67.070938,.041149557,2278.5247,108.95719,.047819186,2138.0981,39.85519,.018640487,2194.1572,58.099228,.026479064,2239.5891,264.95349,.11830451,2506.5959,69.198891,.02760672,2591.7144,47.477474,.018318946
22,1387.7167,49.926983,.035977792,1414.3611,15.440324,.010916819,1396.8079,24.577625,.017595567,1435.0497,17.702044,.012335491,1486.6836,19.136257,.012871775,1642.5795,48.457611,.029500924,1872.6575,56.369911,.03010156,2012.6302,63.306847,.031454783,2296.2097,92.046036,.040086076,2556.3564,54.164009,.021187972,2726.8738,84.880836,.031127527,2811.905,108.49296,.038583435,3281.7239,70.345383,.021435497,3481.3242,148.41891,.042632889,3658.731,144.37885,.039461456
23,947.51471,8.9715481,.0094685052,1035.8846,16.947634,.016360542,803.80487,25.478647,.031697553,969.56403,16.621717,.017143497,948.52551,4.1792383,.0044060368,1008.7083,3.8480599,.0038148391,1049.9941,29.684122,.028270749,1026.4304,40.857124,.039805058,1232.4456,37.189476,.030175351,1380.3722,2.9545686,.0021404144,1390.0898,37.226757,.026780108,1470.3679,48.042,.032673456,1787.5308,58.138126,.032524265,1807.1257,5.8145423,.0032175637,2020.5138,2.4120014,.0011937565
24,2613.0469,.079080433,.000030263687,2472.7412,35.022766,.014163539,2444.04,57.023232,.023331545,2568.7231,90.990349,.035422403,2682.5383,128.286,.047822613,2965.7346,151.72711,.051160045,3455.9207,194.51146,.056283545,3588.7429,179.36552,.049980044,3647.1282,218.29924,.059855103,3980.7498,229.37981,.057622261,4361.3169,268.90552,.061656956,4703.6079,388.11011,.08251328,5233.5352,366.44519,.070018671,6065.0234,239.47833,.039485145,6615.9346,246.80785,.037305061
25,1889.2704,56.93433,.030135619,1806.9706,55.99437,.03098798,1696.2263,53.01302,.031253505,1692.6938,74.150131,.04380599,1745.252,77.201569,.0442352,1761.385,48.257362,.027397396,1725.0754,98.65509,.057188857,1733.2622,99.259743,.057267588,1871.8589,55.350529,.02956982,1840.1392,108.9826,.059225198,2000.7579,88.567886,.044267166,2134.7361,170.49036,.079864837,2462.1775,168.49904,.068434969,2654.9353,178.68878,.06730438,2838.9302,243.21382,.085670941
26,1562.8643,48.298306,.030903712,1520.4774,43.724632,.028757174,1344.2412,40.351311,.030017909,1341.3611,41.833679,.031187486,1329.6799,50.348011,.03786476,1345.4377,30.837597,.022920122,1308.1248,32.185379,.024604212,1337.6041,47.358944,.0354058,1380.3151,55.369759,.040113855,1465.165,10.015417,.0068356921,1534.2466,63.033722,.04108448,1644.9871,3.8392999,.0023339393,1758.4982,17.438068,.0099164555,2068.8345,4.481277,.0021660877,2384.8237,45.359058,.019019879
27,1519.1637,43.144188,.028399959,1535.7867,35.936012,.02339909,1501.3467,21.866756,.014564762,1476.047,42.235199,.028613722,1460.7933,42.454838,.029062863,1535.8615,28.87196,.018798545,1474.7335,30.793165,.020880494,1567.3026,20.00379,.012763196,1639.2094,5.0882025,.003104059,1741.7588,4.4173326,.0025361334,1745.759,48.172745,.027594155,1691.0911,2.6529229,.0015687641,1860.5151,23.656937,.012715261,2218.0427,5.0083299,.0022579953,2316.0171,48.202259,.020812565
28,2014.9032,65.598892,.032556847,1990.8821,29.29244,.014713298,1929.5858,37.903687,.019643432,1917.5957,34.336575,.017906055,1932.5453,48.306736,.024996432,2038.98,74.106621,.036344949,2327.3826,119.72357,.051441293,2412.6287,96.368591,.039943401,2616.728,98.995811,.037831906,2828.938,81.445557,.028790154,2996.0361,143.23283,.047807444,3258.7825,141.57008,.043442629,3597.26,36.270031,.010082683,3911.1023,23.389927,.0059803925,4543.9902,228.8511,.050363466
29,2482.2068,74.450836,.02999381,2443.7681,60.635601,.024812339,2345.1528,74.890022,.031933963,2433.5386,68.599289,.028189112,2548.2212,109.66572,.043036185,2794.1423,156.26654,.055926479,3054.3562,153.3765,.050215654,3263.0825,171.93457,.052690845,3493.186,201.06993,.057560615,3812.5405,228.60278,.059960749,4313.978,338.92105,.078563459,4652.2563,373.55255,.080294922,4982.5298,372.45575,.074752338,5630.0415,349.16974,.062019035,6337.8179,337.28348,.053217605
30,1803.8622,59.806091,.033154469,1774.0389,29.366856,.01655367,1722.3953,13.643847,.0079214377,1777.5641,44.369606,.024960903,1868.4615,26.007019,.013918948,1996.5507,72.77742,.036451578,2176.9556,52.392384,.024066813,2301.6851,49.62373,.021559739,2347.4971,91.972153,.039178815,2507.7786,149.61589,.059660725,2511.2285,173.32822,.069021285,2736.5869,121.35907,.044346873,2525.9185,131.25404,.051962897,2922.0964,208.26518,.071272522,3454.843,152.2319,.044063333
31,1273.333,44.303001,.034792941,1234.2709,31.690039,.025675109,1156.2118,10.264433,.0088776406,1210.1855,32.307194,.026696067,1225.2474,9.7275887,.0079392847,1164.4325,17.044703,.014637777,1147.8357,13.001631,.011327083,1185.8417,59.50787,.05018197,1247.5667,69.706863,.055874258,1321.7488,38.840118,.029385401,1338.3868,13.618152,.010175049,1422.0942,9.5194969,.0066939988,1620.4292,9.2568979,.0057126209,1787.9994,20.720831,.011588835,2157.6504,83.145126,.038535032
32,2136.116,125.95369,.058963884,2003.1866,106.50086,.053165723,2042.8275,132.81839,.06501694,2064.3191,197.28821,.095570594,2096.6465,198.09476,.094481714,2429.1392,190.82841,.078558043,2729.2708,218.30043,.079984896,3014.835,226.23409,.075040288,3064.7966,210.19499,.068583667,3314.0342,190.81209,.057576984,3660.5957,302.34964,.082595751,3997.3396,143.12807,.035805833,4415.0835,113.18412,.025635783,4994.145,327.97821,.065672547,5463.3403,422.87952,.077403106
33,1509.9862,16.258686,.01076744,1469.7186,34.289902,.023330929,1355.6686,1.2711939,.00093768776,1520.5076,78.687561,.05175085,1486.1487,31.8209,.021411654,1540.8043,37.436539,.024296751,1686.5881,17.948711,.010642024,1771.3793,.38623253,.00021804056,1892.5134,81.609459,.043122262,1871.3018,86.780273,.04637428,2108.6848,8.3424721,.0039562443,2243.0901,9.5506477,.0042578084,2283.5332,72.689774,.031832151,2397.2783,44.18269,.018430354,2536.8271,24.675888,.0097270673
34,1539.3827,22.725945,.014763025,1569.8888,10.9683,.006986673,1673.4688,44.970222,.02687246,1542.8689,23.935463,.015513608,1677.165,9.0620737,.0054032095,1735.3047,6.6193709,.0038145294,1740.7372,11.356559,.0065239938,1948.2582,80.962936,.041556574,1913.4629,33.91824,.017726103,2122.8049,56.181286,.026465591,2245.8794,115.59153,.051468272,2457.6311,94.267548,.038357079,2596.3018,20.787762,.0080066817,2929.9402,30.692987,.010475636,3273.7395,9.9856977,.0030502421
35,1034.7339,111.68724,.10793813,969.93445,119.83493,.12354951,824.30194,97.141899,.11784747,917.16888,86.779686,.094616912,932.91113,91.413712,.097987585,853.98199,93.234695,.10917642,988.112,39.61478,.040091388,947.98651,45.305305,.047791086,1007.9559,38.498161,.038194291,918.55499,65.526169,.071336143,1055.0576,169.3322,.16049568,1057.0875,182.74246,.17287354,1096.4802,177.40263,.16179283,1147.6349,187.90114,.16372903,1337.8383,192.03516,.14354138
36,1240.9388,13.247438,.010675335,1226.8622,10.927608,.0089069568,1093.0833,30.552526,.027950777,1130.9059,57.297779,.050665382,1277.6433,81.336937,.063661695,1283.5316,41.165089,.032071736,1216.6439,17.509407,.014391563,1208.1116,19.656521,.016270451,1301.3451,30.415976,.023372721,1335.5142,35.766155,.026780814,1455.6315,20.767454,.014266972,1599.2131,44.635197,.027910724,1776.7942,86.668251,.048777878,1928.8159,6.2511835,.0032409437,2160.4177,30.469368,.014103461
37,1740.1346,.37524089,.000215639,1646.0996,45.603638,.027704056,1541.5482,44.285561,.028727977,1515.7495,56.523613,.037290867,1579.5813,50.382488,.031896103,1547.8495,13.357512,.0086297225,1389.9838,80.607918,.057991985,1464.3219,18.027788,.012311356,1567.8765,30.227402,.019279199,1558.3843,19.053295,.012226313,1699.8197,38.261589,.022509204,1856.2277,64.487022,.034740902,1889.7704,59.357605,.031409957,2197.2192,9.3644905,.0042619738,2330.0769,32.287395,.013856794
38,1723.5049,35.5294,.02061462,1703.8186,6.8990755,.0040491843,1519.7451,33.873615,.022289012,1587.9692,1.9332173,.0012174149,1614.1703,1.8691881,.0011579869,1566.8346,10.323141,.0065885326,1644.8175,25.402538,.015443986,1717.4988,7.0088744,.0040808613,1840.6735,36.304092,.019723266,1943.222,13.414455,.0069032027,1963.722,56.539444,.028791979,2152.4209,86.791054,.040322527,2315.7251,163.11757,.070439093,2463.2461,70.458122,.02860377,3168.593,190.04442,.059977543
39,1719.369,71.530182,.041602578,1666.514,85.806801,.051488794,1571.6042,62.194851,.039574116,1536.1486,79.689651,.051876266,1555.8816,100.71217,.064729974,1538.4562,77.803955,.050572746,1528.4985,122.18103,.079935327,1498.3108,105.21204,.070220433,1540.1084,89.271439,.057964388,1562.1588,66.597916,.042631976,1667.7629,129.88406,.077879213,1688.6495,171.68695,.10167116,1677.2645,132.41211,.078945272,1824.7863,102.19661,.056004703,2032.7318,173.9792,.085588865
40,1423.8167,20.557261,.014438137,1396.799,31.136179,.022291096,1339.7223,38.54681,.028772239,1355.665,29.580904,.021820216,1420.9254,29.21879,.020563211,1471.6869,24.637503,.016740995,1438.3049,42.960487,.029868832,1361.3157,61.649044,.045286369,1604.8619,105.38673,.065667167,1472.8838,116.41228,.079036973,1687.6321,132.4044,.078455731,1900.6848,135.01089,.071032763,1858.6912,127.77426,.068744212,2133.1287,113.15958,.053048644,2401.3862,47.806122,.019907719
41,1652.5621,63.997902,.038726471,1582.4999,53.880783,.03404789,1488.554,55.508518,.03729023,1510.6542,45.227585,.029939072,1629.8689,50.497913,.030982807,1737.306,48.938595,.028169243,1908.0929,57.045986,.029896859,2105.8896,58.419426,.027740972,2296.4885,103.08907,.044889871,2424.7451,87.373886,.036034256,2391.8096,244.18228,.10209102,2506.9058,43.098019,.017191719,2721.1943,116.12601,.042674646,2859.4207,142.20224,.049731135,3213.1233,116.74603,.036334127
42,2209.292,39.425743,.01784542,2156.2007,16.184668,.0075061047,2079.0154,70.590897,.033954006,2150.6138,97.848358,.045497876,2198.6797,131.67876,.059889924,2238.2429,214.21179,.095705338,2405.6863,195.87717,.081422575,2393.8748,207.04904,.086491175,2579.0313,226.61487,.087868214,2864.9866,208.05428,.072619632,2970.2988,279.81293,.094203629,3141.0764,210.77263,.067102037,3476.1169,443.00781,.1274433,3800.3999,479.27582,.12611194,4227.0928,555.66809,.13145396
43,3097.8806,178.94637,.057764124,3127.2629,108.19275,.034596626,3053.6157,95.503754,.03127563,3106.9832,102.26812,.03291557,3326.3535,26.120453,.0078525785,3609.8101,10.070217,.0027896806,4031.8337,52.899273,.013120401,4253.3877,66.55558,.015647663,4666.1387,95.678459,.020504847,4973.4683,47.003437,.009450837,5497.52,30.721838,.0055883084,6252.7549,51.19968,.0081883399,6814.561,154.94635,.02273754,7530.5825,92.809525,.012324349,8064.4019,65.64798,.0081404652
44,1546.7874,23.383524,.015117479,1663.1973,7.9844422,.0048006587,1683.2046,38.395344,.02281086,1637.5211,60.893162,.037186183,1592.8208,69.428398,.043588329,1668.0198,125.5314,.075257741,1721.7679,150.39067,.087346658,1898.271,179.6292,.09462779,2022.7167,180.01746,.088997863,2299.0789,267.70752,.11644121,2303.9966,307.69846,.13354987,2396.1543,232.93683,.097212784,2689.3494,247.33347,.091967769,2933.5991,337.5159,.11505181,3286.3494,261.7059,.079634227
45,1551.6804,79.016121,.050922934,1577.7559,69.484123,.044039845,1467.2603,50.625839,.034503654,1327.8512,100.59544,.07575807,1451.8406,121.53544,.083711281,1365.2952,110.09303,.080636799,1415.0123,92.160652,.065130636,1394.318,127.84688,.091691338,1378.6356,130.40509,.094589964,1552.3894,91.452133,.058910564,1605.2098,144.8221,.090220042,1626.4813,162.99136,.10021102,1874.1782,213.86623,.114112,2184.2515,245.07751,.11220206,2477.7427,230.05779,.092849746
46,1360.6051,8.9426088,.0065725232,1463.9362,1.666623,.0011384534,1333.7587,14.243365,.010679117,1419.2366,27.580095,.019433049,1432.9606,56.12846,.039169576,1572.1298,106.11919,.067500271,1634.3362,129.91113,.07948862,1757.1682,142.96107,.08135879,1963.2001,129.21822,.065820195,2297.125,93.699097,.040789723,2462.9871,58.941975,.023931094,2596.925,33.334957,.012836318,2650.9963,89.378189,.033714943,2864.7654,191.20126,.066742383,2953.0078,15.014503,.0050844778
47,1589.2982,72.316742,.045502312,1463.8711,25.144629,.017176805,1548.9985,104.12827,.06722296,1477.2432,32.391613,.02192707,1579.9144,65.425453,.041410759,1816.7725,102.01293,.056150638,1826.7859,172.72404,.094550788,1776.7292,63.557159,.035772,2115.3894,25.347828,.011982583,2035.3524,90.105965,.044270448,2182.8574,116.04204,.053160612,2576.5005,141.54962,.054938715,2970.2478,86.288162,.029050829,2672.4126,193.58195,.072437152,3107.6111,23.481926,.0075562629
48,1029.9099,7.0202684,.0068163909,870.47333,9.2127085,.010583562,804.578,30.764725,.038237095,1045.1628,4.5910153,.0043926318,929.34021,46.222252,.04973663,1012.2098,12.231413,.01208387,1014.5143,3.150136,.0031050681,986.08484,62.302727,.063181914,1049.0784,36.671284,.034955714,1163.6744,72.420494,.062234327,991.89575,82.855568,.083532535,972.80859,39.338184,.040437743,1391.4907,178.15681,.12803306,1362.8439,119.59958,.087757356,1560.4934,135.93945,.08711312
49,1637.6384,10.06075,.0061434503,1660.2737,13.747995,.0082805594,1605.9591,26.757437,.016661344,1590.6571,24.952152,.015686695,1623.1736,18.47504,.011382049,1602.1187,34.879807,.021771051,1753.4003,13.510862,.0077055208,2011.644,35.331516,.017563503,2063.6682,48.405807,.023456197,2310.4658,74.689705,.032326687,2393.9973,124.37398,.051952429,2737.9001,194.65674,.071097091,2990.9875,230.19647,.076963365,3160.634,264.96677,.083833419,3522.0925,191.1207,.054263394
50,960.28528,20.431036,.021276006,952.92542,3.6325653,.0038120144,965.51538,27.109333,.028077578,957.77563,11.743162,.012260869,955.27252,6.6248641,.0069350516,920.55731,53.674919,.058306981,925.21057,30.652197,.033129968,888.59485,44.487087,.050064534,959.69891,24.422834,.025448434,1069.7009,5.3639083,.0050144,1111.9984,11.826573,.010635423,1352.0642,6.1656866,.0045602024,1475.5011,19.614914,.01329373,1448.2834,15.497828,.010700826,1844.5144,29.222351,.015842842
51,1473.0906,34.744347,.023586022,1512.4557,42.699036,.028231595,1467.058,2.9639876,.0020203616,1427.6227,29.609661,.020740537,1519.0553,40.427708,.026613716,1448.1987,51.483685,.035550151,1458.3215,13.472957,.0092386734,1392.7217,60.823357,.043672297,1717.6166,102.84344,.059875671,1839.0302,123.99589,.06742461,1952.9225,80.334335,.041135445,2067.5193,104.42631,.050508022,2320.53,53.506298,.023057792,2535.3408,129.25554,.050981525,2861.5452,159.76447,.055831537
52,1296.5347,73.445442,.056647494,1260.3939,113.63703,.09015993,1421.2012,105.10587,.073955655,1275.8964,67.889732,.053209443,1431.9742,127.83289,.089270383,1301.7842,140.88583,.10822518,1337.9028,167.68654,.12533537,1282.8357,183.42766,.14298609,1451.6366,135.7428,.093510181,1443.4476,184.36453,.12772512,1388.328,272.41626,.19621895,1608.5347,194.49902,.1209169,1585.8168,325.31647,.20514128,1747.1097,270.29813,.15471159,2141.0527,193.45221,.090353779
53,1022.4328,28.016998,.027402287,1064.462,30.277723,.028444156,1078.9037,58.706367,.054412983,1028.4093,99.218712,.096477844,1031.4443,9.2930145,.0090097105,1163.4744,119.39185,.10261665,1115.1547,37.332222,.033477169,1186.4178,38.344395,.032319468,1361.5385,7.5802426,.00556741,1412.8794,6.2408113,.004417087,1304.5408,63.002636,.048294876,1379.5645,168.98297,.12249009,1347.7174,97.525871,.072363742,1593.5913,39.314785,.024670556,1940.2449,36.13517,.018624026
54,1836.624,1.0625504,.00057853456,1904.9736,.25824076,.00013556133,2119.6685,62.922493,.029685063,2105.3945,7.6883764,.003651751,2138.6099,28.401346,.013280284,2373.8118,131.64639,.055457804,2500.6067,114.75567,.045891132,2294.3179,106.53507,.046434313,2322.5762,95.535538,.041133437,2501.0525,178.12502,.071220025,2785.3032,122.32579,.043918304,2624.4285,176.99944,.067443043,2969.4121,155.56612,.052389532,3237.9963,8.5734606,.0026477673,3545.3396,89.680176,.025295228
55,1403.8516,34.989761,.024924118,1456.9152,13.396344,.0091950065,1503.3727,45.623489,.030347425,1480.1688,32.018242,.021631479,1461.9766,19.43342,.013292566,1556.8271,63.387276,.04071568,1581.1099,47.617374,.030116424,1635.9977,22.915148,.014006834,1639.7637,57.362968,.034982461,1649.9017,36.894012,.02236134,1798.3743,61.707516,.034312945,1797.7981,124.30367,.06914217,1977.7233,246.75549,.12476745,2230.9751,190.90454,.08557,2562.6929,185.43048,.072357669
56,1600.0862,22.742439,.014213259,1656.8625,1.8508214,.0011170639,1468.1222,37.643524,.025640594,1505.5952,56.701283,.037660375,1551.2488,13.434947,.00866073,1616.7921,29.858467,.018467722,1761.262,115.32938,.065481104,1835.0389,212.23669,.11565787,1994.9777,92.209351,.046220742,2120.9236,18.890123,.0089065554,2216.0637,106.36307,.047996394,2435.2756,149.68176,.061463993,2806.3901,68.090431,.024262639,3111.1343,59.887463,.019249398,3472.2175,53.648388,.015450757
57,1868.3851,27.551859,.014746348,1831.1145,46.120022,.025186859,1744.1343,46.157387,.026464354,1727.8304,37.403702,.021647785,1815.801,6.4978456,.0035785008,1919.3026,27.494743,.014325382,1995.8541,15.043983,.0075376164,2049.0981,42.155968,.020572938,2286.1641,35.855808,.01568383,2460.4893,80.557564,.032740466,2736.9434,63.389343,.023160635,2939.5422,20.205666,.0068737455,3270.7009,3.3884161,.0010359908,3602.8289,6.8858438,.0019112326,3976.821,26.824432,.0067451946
58,2605.8706,1.3574271,.00052091118,2596.2336,13.368584,.005149222,2474.3706,7.7482033,.0031313836,2473.657,14.822842,.0059922785,2584.5437,26.97912,.01043864,2897.7458,44.773613,.015451187,3081.0977,31.109991,.010097048,3280.5745,25.24864,.0076964083,3770.312,60.029041,.015921505,3895.9978,27.693228,.0071081221,4211.4814,36.305344,.0086205639,4406.3608,83.434929,.01893511,4663.8105,34.026348,.0072958255,5210.5083,18.521809,.0035547027,5927.6597,48.495598,.0081812385
59,2618.4978,72.472679,.027677197,2694.1357,83.341568,.030934436,2641.1421,66.902504,.025330899,2758.7593,113.17538,.041024014,2758.5449,116.54967,.042250417,3060.594,126.07713,.041193679,3399.0842,174.01274,.051194008,3713.0068,208.73846,.056218173,4126.5605,208.51672,.050530393,4755.498,250.44647,.052664615,5103.6519,173.71971,.034038316,5497.0693,253.14209,.046050373,5893.3115,315.02618,.053454868,6506.0107,274.07959,.042127136,7198.8125,151.07039,.02098546
60,2531.0522,99.893082,.039467018,2662.6628,125.88196,.047276717,2582.0583,128.28145,.049681854,2583.2468,175.65843,.067999087,2509.6028,89.156898,.035526298,2662.7949,163.02174,.061222043,2867.1621,198.27455,.069153592,3190.4346,383.69849,.12026528,3541.5061,483.83032,.13661711,4002.8352,588.24329,.14695665,4303.0776,544.80701,.12660868,4539.5063,547.9375,.1207042,4831.7217,500.25046,.10353462,5533.1499,481.7019,.087057449,6123.6748,392.01175,.064015768
61,1869.7852,87.998909,.047063649,1874.4807,67.69014,.036111411,1727.4373,6.3520861,.0036771733,1708.7463,6.0927362,.0035656178,1669.6918,3.6048453,.0021589885,1756.7653,44.578121,.025375115,1876.0267,82.097321,.043761276,2042.6826,109.33086,.053523179,2161.0745,141.66695,.065553941,2445.7351,106.54382,.043563105,2592.178,73.516014,.028360713,2872.7993,178.20363,.062031355,3117.0696,254.86235,.081763446,3372.6226,209.60202,.062148079,3858.9504,145.52174,.037710186
62,1740.4468,20.106092,.011552259,1748.1321,15.892129,.00909092,1666.4091,15.453068,.0092732739,1646.0048,3.833354,.0023288839,1693.9697,15.058146,.0088892654,1828.6038,4.2495565,.002323935,1875.9666,84.471115,.045028049,1967.1401,116.09908,.059019219,2226.3086,149.31506,.06706845,2684.8516,179.80614,.066970609,2747.7166,275.89221,.10040782,3093.6953,205.92201,.066561826,3447.1482,143.71788,.041691821,3888.1052,89.458786,.023008324,4449.7241,159.1375,.035763454
63,1435.0869,99.886131,.069602847,1513.056,36.336159,.024015078,1428.2186,35.033539,.024529535,1498.6078,59.243595,.039532423,1529.5248,99.173241,.064839251,1599.8508,100.14359,.062595576,1724.9816,191.69774,.11113031,1714.8408,168.19299,.098080821,1737.0375,236.34702,.13606328,2071.8728,118.31924,.057107389,2217.7092,107.30836,.048387032,2414.3127,135.34201,.056058194,2569.0388,155.95361,.060705043,2749.9485,151.45813,.055076715,2932.5454,269.01303,.091733627
64,1628.8862,30.272793,.018584965,1676.6208,30.571573,.018234041,1547.1643,32.178734,.020798525,1571.1307,15.504482,.0098683592,1483.5684,55.098442,.037139133,1586.3153,42.564754,.026832467,1620.9042,90.52079,.05584586,1822.2178,148.55296,.081523165,2022.4921,112.0927,.055423062,2303.9165,179.6524,.077976957,2436.8997,152.38351,.062531717,2666.9082,223.20895,.083695777,2847.6702,229.17513,.080478117,2969.23,119.36659,.040201195,3397.0554,148.78838,.043799218
65,2243.9712,18.036806,.0080378959,2192.9045,49.209297,.022440236,2235.5544,34.32946,.015356128,2236.0852,93.481026,.041805662,2379.8384,57.544384,.024179954,2566.9102,115.06396,.044825863,2764.7224,160.12036,.057915527,2832.9363,114.84868,.040540509,3080.1482,123.21908,.040004268,3305.6008,269.95358,.081665508,3733.2581,193.38348,.051800191,3949.2595,198.6866,.050309837,4151.4619,375.32346,.090407543,4570.7432,222.26904,.048628643,5005.7236,351.04355,.070128433
66,2450.0273,16.66008,.0067999568,2404.3757,48.534477,.020185895,2371.415,26.393028,.011129654,2323.9238,51.901722,.022333659,2272.0015,27.891317,.0122761,2442.3582,61.28709,.025093408,2607.4512,32.042259,.012288729,2665.2583,44.510265,.016700169,2786.5657,11.614846,.0041681579,3079.0996,3.3972197,.001103316,3508.3677,8.3581181,.002382338,3579.2329,47.776997,.01334839,3844.324,96.055229,.024986247,4295.415,32.313652,.0075228242,4827.1353,238.87331,.049485523
67,1655.8328,37.003807,.022347551,1644.1924,30.44697,.018517887,1501.7122,31.616293,.021053497,1603.3347,15.921167,.0099300332,1479.6539,44.504772,.030077824,1534.4094,107.01355,.069742501,1573.3322,123.37601,.078417018,1670.6421,108.70006,.06506484,1783.5033,146.12462,.081931233,1958.0929,140.96533,.071991138,2147.9434,130.61533,.060809482,2413.0913,194.97794,.080800064,2644.6875,168.17459,.063589588,2952.2664,174.871,.059232801,3318.5942,184.33273,.055545427
68,2664.7229,54.230373,.020351224,2622.531,11.405815,.0043491633,2504.97,15.837684,.0063225045,2735.7412,43.802452,.016011182,2911.1165,110.56866,.037981529,3344.7332,98.764679,.029528419,3666.9185,109.6888,.029913075,3703.8677,124.72046,.033673033,3874.2495,150.71925,.038902827,4286.8413,220.72627,.051489256,4714.2393,192.66757,.040869281,4889.3013,120.28965,.024602626,5292.8052,86.714302,.01638343,5736.3999,9.3643265,.0016324397,6090.1401,140.08591,.023002082
69,1865.141,64.466812,.034564041,1802.9866,76.051834,.042181034,1665.5804,69.639359,.041810866,1781.5249,50.253494,.028208135,1916.2571,35.765564,.018664284,1962.3088,22.459141,.011445263,2023.0291,110.15539,.054450721,2187.5496,75.370514,.034454312,2525.917,96.131363,.038058005,2524.6489,69.106995,.027372913,2807.3586,50.398224,.017952185,3009.4114,54.835518,.018221343,3224.613,157.07713,.048711933,3207.1594,62.495815,.019486345,3303.6021,91.125801,.02758377
70,1650.0143,53.956299,.032700505,1648.429,56.757767,.034431431,1542.8289,54.704342,.035457168,1556.7596,28.081181,.018038224,1589.7379,27.17683,.017095163,1643.6466,14.089988,.008572395,1813.1067,89.641747,.049440965,1861.4487,88.493202,.047539961,1937.1202,60.805107,.031389434,2127.762,18.883318,.0088747321,2275.5457,133.20517,.058537684,2407.8499,67.31044,.027954584,2943.0483,121.7717,.041376043,2743.8755,680.65668,.24806398,3368.145,231.62862,.068770379
71,2999.2681,3.2677846,.0010895274,3043.0979,.051512107,.000016927523,2905.937,64.57576,.02222201,3484.8835,60.007027,.017219234,3272.3936,111.89743,.034194369,3612.2056,148.68649,.041162245,3759.8052,123.59158,.032871805,4031.2864,4.3156505,.0010705392,4253.3901,45.024895,.010585649,4891.6411,34.843849,.0071231411,4822.6328,291.40881,.060425255,5842.8428,247.59381,.042375572,6422.5747,246.32845,.038353536,6561.0137,201.73822,.030748026,7108.396,49.896374,.0070193578
72,1984.4689,87.301666,.04399246,2013.6005,96.603706,.047975607,1903.3467,121.43787,.063802287,1999.4487,134.95938,.067498296,2096.4656,95.875717,.045732073,2214.1243,146.78842,.066296376,2370.3599,232.16014,.097942993,2484.9712,171.38466,.068968467,2804.7109,247.2733,.088163562,2969.8838,214.91365,.07236433,3194.196,581.15735,.18194166,3585.4963,284.3746,.079312481,3665.228,267.81857,.073070101,3949.7749,275.1087,.069651745,4283.3818,227.40056,.053089023
73,1561.1024,5.9504242,.0038116809,1528.396,27.550598,.018025825,1553.7637,20.490103,.0131874,1593.4956,7.1386633,.0044798763,1556.2373,98.342804,.06319268,1740.2141,88.496529,.050853815,1698.8081,142.01247,.083595358,1898.1519,104.09736,.054841429,2267.4602,192.79472,.085026726,2225.8792,255.34938,.11471844,2280.2871,141.03401,.061849233,2227.9265,169.04207,.075874165,2399.3469,237.52222,.098994531,2736.4619,232.73454,.085049435,3110.2061,203.68626,.065489635
74,2129.0781,12.57551,.0059065516,2121.3035,2.5282588,.0011918421,2095.9788,11.632961,.0055501331,2267.7473,14.733241,.006496862,2217.1057,26.872957,.012120738,2304.6689,62.438488,.027092172,2495.0029,99.015121,.039685372,2688.5618,57.394093,.021347508,2712.2131,94.866302,.034977451,3052.7798,102.01672,.033417646,3389.3728,75.727997,.022342775,3475.7173,115.99294,.033372376,3952.2976,106.7542,.02701067,4225.4097,103.55415,.024507482,4552.061,140.6143,.030890251
75,1222.5624,18.746679,.015333924,1284.4415,31.644785,.024636999,1139.7388,30.912975,.027122861,1172.6569,29.813257,.025423683,1049.4175,36.521244,.034801446,1181.1876,41.822803,.035407417,1085.6665,30.743927,.028318021,1088.6204,7.0669198,.0064916294,1276.8279,31.015165,.024290796,1356.42,14.918039,.010998097,1568.2084,24.699125,.0157499,1734.9423,35.465832,.020442082,1954.0609,42.831364,.021919155,2154.7366,21.704525,.010072936,2410.0559,100.18879,.041571148
76,1976.1235,46.715897,.023640171,1980.3732,49.680374,.025086369,1995.8008,55.996037,.028056927,2028.7957,70.827728,.034911219,2114.5354,73.326866,.034677532,2375.0894,146.28688,.061592158,2433.5217,160.87784,.066109061,2686.0994,162.16936,.060373552,3156.8564,204.42087,.064754568,3353.6497,173.14122,.051627699,3383.2195,191.7384,.056673355,3492.4592,204.62267,.05858985,3964.6558,234.07028,.059039246,4200.8027,280.25784,.066715308,4646.1499,407.31042,.087666228
77,1997.129,62.017769,.031053461,2034.6368,44.96175,.022098169,1956.4093,86.574837,.044251904,2068.8972,73.072868,.035319719,2138.7544,102.30945,.047835998,2180.1628,99.451836,.045616701,2361.7195,93.425491,.03955825,2417.114,106.40064,.044019703,2603.2957,102.7256,.039459828,2852.3606,145.40973,.050978731,3011.0488,160.2159,.053209331,3311.1904,101.17958,.030556859,3554.0288,70.457741,.019824753,3839.4441,56.509766,.014718216,4386.0415,161.20674,.036754496
78,1216.365,75.643799,.062188406,1200.3632,69.685081,.058053333,1159.6395,48.033745,.041421272,1229.2228,82.242012,.0669057,1479.2188,31.293676,.021155544,1242.7485,12.284138,.0098846527,1565.7106,71.364273,.045579478,1522.5326,90.406013,.059378706,1583.4039,49.605061,.031328116,1827.9899,48.816032,.02670476,1621.4039,56.538673,.034870196,1782.9253,68.539139,.038441956,2000.924,113.49129,.056719441,2124.7493,119.39725,.056193572,2219.9236,204.41478,.092081897
79,2194.0984,45.42461,.020703087,2106.7092,48.42482,.022986,2138.6875,30.943571,.014468486,2273.4792,7.7669892,.003416345,2412.2739,82.471786,.034188401,2671.6682,54.268467,.020312577,2898.0254,83.756378,.028901188,3254.1592,68.130035,.020936295,3572.2192,64.783661,.01813541,4004.2991,142.40331,.035562605,4344.8105,72.299507,.016640428,4500.6265,63.86932,.014191207,4511.6445,113.03011,.025052972,4536.6348,81.676529,.018003769,4830.0605,162.50941,.033645421
80,3749.9009,22.823164,.0060863378,3814.1877,34.868282,.009141732,4013.1394,75.479851,.01880818,4292.895,82.795158,.019286556,4813.8613,125.8465,.026142526,5613.0249,159.3385,.028387278,6394.5288,141.7332,.02216476,6824.1519,105.68542,.015486969,7212.0796,215.08614,.029823041,8175.5376,255.53008,.031255446,8997.5352,324.43802,.036058545,9778.4102,381.37936,.039002184,10505.289,395.20737,.037619848,11250.502,374.35291,.03327433,12494.95,508.86798,.040725891
81,1570.8303,1.0476277,.00066692609,1441.9768,78.004211,.054095332,1339.4763,68.331047,.051013254,1415.1488,136.31393,.096324809,1507.6527,57.457481,.038110554,1524.1724,105.73417,.069371529,1601.244,68.711807,.042911515,1720.6837,388.96408,.22605205,1881.2313,255.71654,.1359304,1891.2302,104.49656,.055253219,2502.2769,5.6838036,.0022714527,2585.2629,219.4028,.084866725,2795.4316,176.14354,.063011214,3255.4834,315.27991,.096845806,3568.7959,199.77953,.055979531
82,2221.8191,11.528089,.0051885811,2190.5784,22.247826,.010156143,2177.0786,29.058603,.013347521,2165.4023,12.914436,.0059639891,2387.5066,6.7109179,.0028108479,2567.1111,25.213549,.0098217595,2785.7585,44.87487,.016108671,3056.5256,29.673666,.0097082993,3217.4385,106.92021,.033231471,3803.1965,84.953377,.022337362,4107.7441,79.548645,.01936553,4404.7852,18.54776,.0042108204,4726.4019,47.84301,.010122501,5343.4609,27.929939,.0052269381,6203.4312,92.584358,.014924701
83,3535.5374,337.68814,.095512539,3516.9607,338.53931,.09625905,3448.3611,196.83719,.057081375,3554.4595,353.56137,.099469796,3795.0535,315.33356,.083090678,4153.8447,178.6969,.043019637,4348.0264,132.98085,.030584186,4347.4004,279.86456,.064375155,4937.6558,480.24103,.097260937,4998.8188,425.93839,.085207805,5267.1416,317.28714,.060238961,5796.3374,464.90808,.080207214,6448.7734,351.87943,.054565325,7704.1763,859.09631,.11151047,8611.5234,598.83661,.069538988
84,1589.5485,17.209021,.010826358,1660.9829,10.186846,.0061330227,1563.9365,33.3806,.021343961,1602.8093,49.562836,.030922478,1531.2363,77.886772,.050865285,1728.5695,132.78577,.076818302,1868.4678,109.48875,.058598146,1999.6338,113.51985,.056770321,2294.8533,97.024902,.042279348,2390.8416,126.63273,.052965757,2904.8118,247.02219,.085038967,3046.9019,166.75552,.054729536,3552.6423,128.04852,.036043178,3476.9873,124.90588,.035923593,3855.7314,214.57156,.055650029
85,958.62427,5.6339331,.0058771023,942.5434,12.473927,.013234327,893.10669,19.821594,.022193983,990.40448,28.562502,.028839229,1062.0256,22.41321,.021104207,1010.5184,31.175331,.03085083,984.85962,100.73088,.10227943,1060.2592,70.559258,.06654907,1052.3689,143.87091,.13671148,1214.7101,15.693334,.012919406,1276.2813,3.7685246,.0029527384,1534.8318,24.885792,.016214019,1775.3951,89.832268,.050598465,1837.1914,227.96565,.12408378,2087.6499,366.10709,.17536804
86,1543.7444,27.801867,.018009372,1466.8053,16.599731,.011316929,1375.5471,28.010176,.020362934,1457.8716,5.3694963,.0036831065,1504.2405,36.831009,.024484787,1578.0979,28.680069,.018173821,1713.9585,62.754948,.036614042,1848.4176,20.470398,.011074552,2146.0503,34.609943,.016127275,2470.468,94.639252,.038308229,2458.6396,67.832222,.02758933,2807.1211,90.297981,.032167468,3047.8872,44.065979,.014457877,3620.5085,1.0515215,.00029043475,3897.2031,141.14943,.036218137
87,2059.0347,9.425108,.0045774402,2008.8528,25.755222,.012820861,1953.3267,21.450434,.010981488,2058.2327,33.448017,.016250843,2041.9418,19.565844,.0095819794,2352.4033,11.44649,.0048658708,2621.8789,20.252764,.0077245231,2730.6382,36.226181,.013266562,3140.3672,82.967384,.026419645,3333.7314,119.75186,.035921268,3734.5884,94.192886,.025221759,4022.1221,87.145149,.02166646,4246.4092,61.806492,.014555002,4423.1743,69.550117,.015724028,4927.8188,64.612724,.013111831
88,1342.9794,14.658508,.010914917,1354.6986,44.511333,.032857001,1196.7452,62.764973,.052446395,1298.7301,14.434602,.011114397,1215.6858,146.79408,.12075002,1232.1174,121.11333,.098296903,1499.2001,200.19977,.13353772,1345.4438,206.18254,.153245,1532.6609,211.60077,.13806105,1899.2247,233.37529,.12287924,1886.76,132.56816,.070262335,1878.2745,126.35789,.067273386,2170.0369,71.702232,.033041943,2731.2891,221.89667,.081242472,2108.198,54.991619,.026084656
89,1334.7872,108.56482,.081334926,1502.6958,131.64745,.087607518,1403.8431,80.194542,.057125002,1472.8673,125.35088,.085106701,1418.2363,78.748787,.055525858,1385.5996,122.35265,.08830303,1371.6665,192.4684,.1403172,1462.7635,117.48557,.080317542,1403.9858,193.01605,.1374772,1411.4803,214.92143,.15226668,1430.6779,147.56064,.10314037,1672.0808,167.33069,.10007332,1818.9747,63.85606,.035105523,2146.6523,125.11062,.058281735,2621.769,3.4858019,.001329561
90,2253.0535,23.698885,.010518563,2249.1162,30.715094,.013656517,2295.7158,44.619648,.01943605,2382.9031,66.039635,.027713941,2575.2822,118.22446,.045907378,2873.4185,145.31282,.050571408,3212.123,165.10133,.051399443,3323.4617,194.4368,.058504298,3627.9187,3.8688872,.0010664206,3976.6729,11.208276,.002818506,4463.4375,117.93549,.02642257,4335.5371,209.68655,.048364609,4574.2075,209.48381,.045796745,5051.0762,191.65398,.037943196,5351.2646,175.10106,.032721434
91,1903.3898,12.624971,.0066328882,1872.8184,2.5165741,.0013437364,1796.6818,53.366776,.029702965,1890.9618,99.937027,.05284984,1929.8647,83.152115,.043087017,1987.5907,85.45076,.04299213,2401.7693,89.803253,.037390459,2319.5244,138.07603,.059527736,2387.5063,207.95847,.087102793,2239.0442,226.12215,.10099048,2754.5955,226.38089,.082182989,2863.2703,302.88474,.1057828,3038.8943,213.69879,.070321232,3581.4646,257.42889,.071878105,3684.1353,212.84476,.057773329
92,1544.1257,8.2531538,.0053448714,1586.4023,11.985956,.0075554326,1521.3907,30.670879,.020159764,1597.5081,38.423645,.024052238,1677.6263,105.36456,.062805735,1834.0778,111.99544,.061063625,2061.7188,142.62662,.069178507,2174.8809,82.604362,.037981097,2235.2441,86.844276,.038852256,2367.4529,127.69672,.053938445,2334.437,136.46201,.058456067,2700.8025,218.07213,.080743454,3163.6875,254.58121,.080469772,3051.4341,186.86421,.061238162,3271.1704,404.27429,.12358705
93,1422.2473,52.582546,.03697145,1345.5297,37.293312,.027716454,1263.796,10.578031,.0083700456,1237.66,41.608826,.033618946,1418.0103,15.451476,.01089659,1534.6039,11.319406,.0073761092,1556.9044,22.790228,.014638168,1570.6499,19.983255,.012722922,1822.6271,6.8720241,.0037703949,1905.1583,2.0942881,.0010992725,2106.2063,54.481186,.025866976,1983.7974,26.369562,.013292467,2111.5833,42.399654,.020079557,2223.0247,63.460342,.028546846,2328.0139,164.25375,.070555314
94,1098.7279,58.997185,.053695902,1049.7802,26.976931,.025697695,1097.6403,49.213707,.044835918,1180.6345,99.254372,.084068671,1114.0126,45.848484,.041156165,1017.8895,60.957172,.059885848,1066.6836,36.558872,.034273397,1047.9891,15.594915,.014880799,1089.4635,75.181305,.069007643,1105.7661,128.38133,.1161017,1190.7672,119.2384,.10013578,1369.1244,102.47652,.074848212,1535.5973,78.658775,.051223569,1403.746,67.343918,.047974434,1765.8265,27.978796,.015844589
95,1085.7544,126.35062,.11637127,1187.255,73.512329,.061917894,1294.087,65.127029,.050326623,1314.9525,27.086281,.020598676,1188.7482,71.325432,.060000457,1053.2604,66.41153,.063053288,976.00732,81.288742,.083287023,1039.3389,96.50399,.092851326,976.57904,108.79848,.11140776,1023.6915,76.1548,.074392334,1066.8174,81.048447,.075972185,1267.616,54.983566,.04337557,1102.3568,63.848106,.057919636,1568.3638,28.936275,.018449977,1684.9965,2.6376979,.0015654026
96,2190.6541,94.048149,.042931538,2084.9194,133.6416,.06409917,2087.6621,252.52733,.12096179,2288.1333,109.48905,.047850817,2484.1655,141.88548,.057115953,2729.6821,28.098974,.010293863,2959.7446,148.89632,.050307151,3422.7092,101.07469,.029530611,3747.928,422.96155,.1128521,3562.6711,56.820263,.015948782,3765.0667,278.13504,.073872544,4136.5562,154.93568,.037455235,4535.707,73.852318,.016282426,4768.854,257.83414,.054066267,5179.5991,288.02036,.055606689
97,1888.7673,37.254234,.019724099,1837.8588,22.486456,.012235139,1677.5406,41.569469,.024780007,1724.7114,42.029938,.024369258,1819.4333,71.70092,.039408378,2161.0315,111.13976,.05142903,2436.0249,131.62909,.054034378,2548.3604,89.833595,.035251528,3087.4092,64.349541,.020842569,3164.6863,123.25494,.038946971,3625.1624,176.13147,.048585817,3948.749,149.53404,.037868712,4103.2544,224.20309,.054640312,4625.7573,247.89351,.053589821,5057.7715,195.38048,.038629755
98,1532.6224,94.348412,.061560113,1564.4762,62.169552,.039738253,1568.2106,28.944544,.018457051,1381.8059,2.3550222,.0017043075,1382.7979,4.0648842,.0029396084,1336.7542,37.751724,.028241336,1512.4154,67.521843,.044645038,1792.8864,64.000343,.035696819,1753.45,102.6043,.058515672,1815.4716,121.02174,.066661328,1734.3567,193.2081,.11140044,1767.2681,292.87708,.16572306,1610.6074,334.42813,.20764099,2246.3452,402.94205,.17937672,2910.3762,86.701103,.029790342
99,1545.6719,42.85817,.027727857,1584.1533,29.248453,.018463146,1377.6423,51.660252,.037499029,1245.9962,20.73596,.016642073,1302.5778,41.085022,.031541321,1291.334,39.469566,.030564956,1340.3843,42.816166,.031943202,1282.4694,65.536613,.051101893,1442.4871,139.83934,.096943222,1544.9136,42.013386,.027194651,1597.8827,31.462801,.019690307,1569.7469,23.433855,.014928428,1532.3838,89.535423,.05842885,1813.5649,394.94211,.21777114,2683.9395,255.50336,.095197141
100,1968.5895,25.697287,.013053655,1922.416,9.1003256,.0047337962,1925.8547,28.042574,.014561106,1861.0566,2.7551973,.0014804478,1959.5687,46.470322,.023714567,2018.829,52.327129,.025919545,2148.6787,58.598526,.027271889,2211.8928,83.256927,.037640579,2421.0601,83.496933,.034487758,2559.9978,240.32022,.09387517,2770.7935,60.949326,.021997066,2947.8323,127.6142,.043290865,3324.5701,174.67419,.052540384,3642.3979,261.3175,.071743257,4051.0146,157.50826,.038881186
101,1395.0198,19.678059,.014105936,1364.7318,44.908653,.032906577,1324.0718,38.620277,.029167812,1443.0114,16.055893,.011126657,1380.0336,50.056004,.036271583,1409.1539,67.522659,.047917165,1440.8462,24.672722,.017123772,1495.7632,2.591964,.0017328706,1741.1941,52.009388,.029869955,1858.7355,30.012943,.016146969,1942.0997,128.89105,.066366859,2054.4092,94.78775,.046138693,2610.011,106.63821,.040857378,2540.1226,51.943424,.02044918,2928.1208,290.48776,.099206209
102,1974.9106,133.5233,.067609794,2049.0994,79.346382,.038722564,1940.4608,86.654076,.044656441,2015.3022,157.0094,.077908613,2194.1201,176.20605,.080308296,2372.6777,182.83746,.077059545,2336.8064,128.01898,.054783735,2641.9653,197.90723,.074909091,2685.0691,213.52556,.079523303,3106.178,210.64941,.067816272,3308.1494,370.92822,.1121256,3731.0198,259.61475,.069582783,3646.8613,194.90706,.053445153,4139.5112,408.10147,.098586872,4671.8726,230.00841,.049232595
103,1926.9723,18.442566,.0095707476,1942.1062,17.779688,.0091548488,1855.5323,32.849815,.017703714,1853.9192,54.083969,.029172776,1888.3871,74.302536,.03934709,2094.4165,110.36208,.052693475,2426.1665,133.88686,.055184528,2592.9431,144.8672,.055869795,2891.1008,141.81941,.049053777,3231.1318,170.09673,.052643079,3774.126,281.67068,.074632034,4250.2329,366.69272,.086275913,4865.6719,479.37112,.098521054,5233.8418,359.22528,.068635106,5556.3267,411.30173,.074024037
104,1656.3328,87.922974,.053082917,1650.323,60.771709,.03682413,1597.9478,64.115456,.040123623,1772.6045,88.745506,.050065037,1794.5875,25.566338,.014246359,1810.5687,54.171352,.029919524,1949.9449,27.548834,.014128006,2112.5986,32.645618,.015452825,2206.1355,67.184784,.030453607,2458.0962,136.28688,.05544408,2525.5,112.49277,.044542775,3039.4177,88.412971,.029088786,3169.3967,105.15572,.033178467,3175.4146,279.37784,.08798153,3828.5354,12.84359,.0033547005
105,1418.0079,89.124657,.062852018,1535.9572,82.134125,.053474229,1387.7302,31.065817,.022386063,1511.3838,21.227968,.014045386,1493.7714,84.393272,.05649678,1544.5134,86.895187,.05626056,1469.9473,256.75095,.17466678,1737.6713,160.62599,.092437506,1813.1461,120.56205,.066493288,2200.1277,84.881012,.038580038,2291.5266,491.15344,.21433461,2177.1162,451.55212,.20740837,2203.4705,523.57269,.23761275,2674.3245,594.92694,.22245878,3295.1628,275.27438,.083538935
106,1696.7877,6.2690859,.0036946789,1716.6564,29.91255,.017424891,1738.9858,31.734045,.018248593,1839.9259,58.836178,.031977471,1905.4033,96.144989,.050459128,2131.4111,27.973242,.013124282,2099.6177,104.87463,.049949396,2251.3433,146.72037,.065170147,2430.6221,140.14763,.05765916,2766.9558,118.24234,.042733729,2961.2773,81.743507,.027604138,3182.2053,99.211639,.031177007,3399.667,213.131,.062691726,3779.8853,173.73611,.045963332,4153.9736,237.15637,.057091448
107,1455.5256,11.688656,.0080305394,1426.15,3.9860787,.0027949926,1431.2465,12.744084,.0089041861,1448.4725,34.376236,.02373275,1541.5146,18.701674,.012132011,1470.0687,76.153572,.051802728,1502.6266,142.26173,.094675377,1758.4321,199.43077,.11341397,2453.5005,304.65582,.12417191,1779.1328,186.73279,.10495719,1734.6506,184.45929,.10633801,1756.4578,119.33759,.067942195,1810.735,215.69673,.1191211,1806.7891,171.84877,.095112801,2085.9756,123.92517,.059408735
108,1368.9253,21.914986,.016008899,1445.4796,26.742439,.018500738,1428.8594,51.912819,.03633165,1439.7543,48.427349,.033635844,1226.39,70.939545,.057844196,1276.5604,64.191162,.050284468,1351.5254,108.02016,.079924621,1348.9417,117.41194,.087040044,1299.481,155.87807,.1199541,1441.6868,58.753746,.040753476,1532.7947,114.4364,.074658662,1568.9224,122.91706,.078344896,1606.0686,151.65721,.094427608,1680.9021,141.85696,.084393352,1971.8756,244.96893,.12423144
109,2199.9104,31.155907,.014162352,2321.1543,63.727039,.027454892,2223.2646,71.764984,.0322791,2447.2756,121.8924,.049807385,2627.4521,122.4455,.046602372,3198.7329,219.0043,.068465956,3566.0256,221.75061,.062184244,3927.813,168.72289,.042955935,4504.6729,164.71928,.036566313,4755.3833,281.92029,.059284452,5598.3398,341.90656,.061072849,6124.8125,350.85501,.057284206,7123.2861,384.22629,.053939473,7129.77,401.97739,.056380134,7566.3516,419.02094,.055379521
110,1224.3475,109.478,.089417428,1306.5662,79.643654,.060956463,1070.8566,62.828617,.058671366,1193.2997,55.141228,.046209037,1134.224,69.889206,.061618522,1138.9662,79.407608,.069719024,1175.4028,11.454162,.0097448817,1084.5686,105.88041,.097624443,1085.4708,104.26949,.096059233,1361.9991,113.95885,.083670281,1349.9,56.587009,.041919407,1447.1351,89.08963,.061562758,1684.8738,145.25444,.086210877,1849.6946,78.871017,.042640023,2029.2605,37.136486,.018300502
111,1015.7974,93.42627,.091973335,1072.4171,102.40518,.095490068,945.6424,1.9152806,.0020253751,909.96802,39.44376,.043346316,1144.9921,12.562213,.010971441,1171.2452,114.24223,.097539119,969.15076,169.60258,.17500123,929.11627,66.081894,.071123384,896.26752,56.443653,.062976345,944.79504,73.258583,.077539124,910.38861,5.2070398,.0057195793,994.98749,97.947845,.09844128,1175.7054,198.64603,.16895901,1093.8461,116.15846,.10619269,1491.8765,123.23818,.082606159
112,923.98096,57.704861,.062452435,947.84662,27.393295,.028900556,903.01001,47.448116,.052544396,920.38922,38.279694,.041590765,947.53571,13.357985,.014097606,962.03925,28.021538,.029127229,952.26855,35.940014,.037741467,940.50403,73.044922,.077665716,1060.6124,75.186096,.070889324,1081.1986,38.141754,.035277288,1089.1399,28.085381,.025786752,1090.0605,92.099754,.084490493,1228.3805,50.605831,.041197196,1567.8948,30.37429,.019372659,1770.5371,.23885351,.00013490455
113,1184.9391,43.200916,.036458343,1176.6298,21.958199,.018661944,1143.9574,36.046898,.0315107,1209.4939,49.130737,.040620904,1386.3696,99.099785,.071481504,1320.1766,55.862835,.042314667,1374.2866,164.57913,.11975604,1565.8129,185.24199,.11830404,1495.0819,129.67427,.086733893,1493.2059,41.291546,.027652947,1513.1887,47.114006,.031135578,1861.4901,55.952549,.030057935,2009.7115,70.388474,.035024166,2617.2114,4.8618517,.0018576458,3073.9465,20.239895,.0065843356
114,1482.7389,291.55847,.19663507,1440.6265,251.44659,.17453976,1470.5436,316.87558,.21548194,1514.5896,372.25211,.24577753,1544.8673,278.91422,.1805425,1527.6797,138.15366,.090433657,1607.558,117.05785,.072817191,1720.7808,186.44,.10834617,1571.3414,81.897148,.052119259,1831.283,141.31241,.077165797,2027.1401,71.487419,.035265159,2367.4392,133.41325,.056353401,2347.7134,4.5954847,.00195743,3015.6235,23.990871,.007955526,3321.8538,99.150513,.029847946
115,910.42151,58.072124,.063785978,885.18042,41.519115,.046904694,903.65277,116.00935,.12837824,963.43402,53.951057,.055998705,1036.5762,33.974968,.032776143,1008.1062,45.947121,.04557766,972.08502,94.599899,.097316489,1113.8528,111.13974,.099779561,1166.922,239.15086,.2049416,1141.4987,181.14679,.15869208,1147.9692,122.88721,.10704748,1238.6415,45.347897,.036610994,1451.9172,227.58044,.15674478,1677.8136,39.546669,.023570359,1886.0415,37.729385,.020004537
116,1049.5275,61.834053,.058916088,1105.9677,63.521725,.057435427,1093.9467,22.134747,.020233845,1074.0332,24.199745,.022531655,1341.5349,85.030525,.063383013,1338.7156,54.303764,.040564079,1268.1221,82.83403,.065320231,1122.2468,108.59297,.096763894,1258.0171,127.82003,.10160436,1517.0712,146.1543,.096339777,1555.5251,155.50612,.099970177,1680.6458,129.00703,.076760396,1859.7404,103.04263,.055406995,2068.1851,130.29594,.063000135,2736.688,334.81439,.12234291
117,710.19244,126.22635,.17773542,824.40277,93.046577,.11286543,762.14111,59.26136,.077756412,722.31946,37.072628,.05132442,828.23737,94.981903,.11467957,703.71277,21.615015,.030715678,744.78229,48.511295,.065134868,791.7135,106.87418,.13499098,923.94397,105.88334,.11459931,872.74103,128.94217,.14774391,896.02417,171.02501,.19087097,821.49695,106.64212,.12981439,879.39349,45.623016,.051880091,1156.5519,107.82179,.093226939,1342.204,175.13231,.13048114
118,1219.0128,1.2042861,.00098791916,1298.9944,6.3208957,.0048659914,1289.9899,11.056293,.0085708369,1320.6327,33.779392,.02557819,1316.6017,34.664654,.026328884,1458.4673,21.799124,.014946598,1513.6371,51.107777,.03376488,1434.2238,86.638031,.060407612,1299.1165,20.67338,.015913416,1403.2626,88.262138,.062897809,1528.739,128.49416,.084052384,1769.859,82.798409,.04678249,1591.726,166.42741,.10455783,1515.5409,135.94534,.089700878,2334.3533,174.78798,.074876405
119,1715.8621,366.37155,.21352039,1710.6027,308.52914,.18036284,1547.8447,212.90906,.13755195,1338.6509,17.479538,.013057577,1498.1438,92.138283,.06150163,1473.2646,128.93428,.087516032,1570.9893,156.87012,.09985435,1571.2882,193.46049,.12312222,1712.0282,124.46078,.072697856,1756.504,82.16124,.046775434,1964.8007,124.92652,.063582286,2022.3698,99.981201,.049437646,2139.5579,111.72943,.052220803,2795.188,23.364901,.0083589731,2964.3748,103.73603,.034994237
120,1094.3458,227.74255,.2081084,1040.4839,268.00089,.25757331,811.15118,126.99644,.15656322,969.63049,120.34142,.1241106,945.50391,189.60684,.20053522,1099.7563,226.51378,.20596723,1258.7443,179.51355,.1426132,1274.204,158.70084,.124549,1210.451,24.006149,.019832401,1120.2377,49.598267,.04427477,1242.0505,116.05377,.09343724,1286.9869,74.995544,.058272187,1281.8295,89.803757,.070059054,1406.7701,152.20213,.10819261,1656.5981,127.05884,.076698646
121,1585.1261,20.851109,.013154227,1579.0247,2.9988887,.0018992033,1414.9353,5.3960438,.0038136328,1484.1425,.012496292,8.4198737e-06,1490.5098,24.125917,.016186353,1650.2939,11.694231,.0070861503,1682.0416,22.272499,.013241349,1831.8342,6.1310139,.0033469261,1828.6846,11.108438,.0060745515,1864.4187,76.893219,.041242462,2163.99,107.90909,.049865797,2387.2104,79.663231,.033370845,2334.1423,68.928146,.029530395,2590.6091,16.634907,.0064212335,3203.7258,13.251269,.0041362057
122,1104.0276,62.369122,.056492358,1064.7577,74.360855,.069838285,1004.017,71.757126,.07147003,1057.2332,86.775467,.082077891,985.55865,87.026047,.088301234,911.05518,121.50939,.13337216,1058.0042,161.61775,.1527572,964.46869,120.47805,.12491649,1052.7725,122.95096,.11678778,1077.9448,123.31333,.1143967,1405.6598,281.79568,.20047218,1267.5109,190.18044,.15004244,1391.6039,125.64542,.090288207,1236.967,113.57532,.09181758,1525.6328,156.49327,.10257597
123,1813.5192,81.83448,.045124684,1877.687,28.642084,.015253918,1764.1853,20.812338,.011797138,1888.6682,25.685381,.013599732,2086.6621,79.124046,.037918955,2074.4753,85.405853,.041169856,2308.9526,176.70515,.076530434,2604.3271,172.36732,.066184975,2660.0107,146.75264,.055169944,2964.5317,30.829411,.01039942,3216.0928,68.819221,.021398395,3275.002,52.848385,.016136901,3460.8369,70.473595,.020363165,4143.2646,80.932167,.019533429,4606.124,258.73288,.056171495
124,1317.7771,27.625761,.020963911,1299.7122,23.206436,.017855057,1266.517,7.7563796,.0061241812,1327.955,41.085884,.030939216,1309.1866,39.285614,.030007649,1343.463,41.751163,.031077271,1386.8409,23.500231,.016945152,1511.8154,58.533394,.038717289,1529.0018,68.258858,.044642758,1440.606,114.91417,.079767942,1716.7986,94.041855,.054777455,1842.0967,107.85807,.058551796,2494.2922,159.06149,.06377019,2408.917,231.06401,.095920287,2800.3538,714.9765,.2553165
125,1290.7734,.58505571,.0004532598,1390.2561,.44884586,.00032285121,1305.0356,38.967655,.029859457,1307.0378,36.396175,.027846307,1306.4446,32.409649,.024807518,1496.8572,70.146507,.046862524,1537.5332,17.456367,.01135349,1688.2144,151.42351,.089694478,1739.217,8.4162388,.0048390962,1586.1272,29.117378,.01835753,1779.4802,5.9604049,.0033495203,2180.5684,72.992371,.033474013,2156.2957,56.561497,.026230864,2592.0413,208.40077,.080400251,3013.6272,256.87622,.085238218
126,1341.6709,55.53867,.04139515,1243.9707,30.835487,.024787953,1292.7985,30.947224,.023938166,1247.7205,35.684612,.028599845,1248.7573,22.296986,.017855339,1245.5211,16.091547,.012919529,1255.9017,4.568449,.0036375849,1171.7745,.47675771,.00040686812,1189.5084,20.660278,.017368753,1239.7581,23.164221,.018684469,1272.0851,8.2019844,.0064476696,1276.7844,11.730243,.0091873324,1299.329,32.060314,.024674516,1523.5903,43.658127,.028654767,1784.2865,33.193607,.018603295
127,1979.1489,36.628178,.018507035,1893.6381,12.970173,.0068493411,1844.161,2.5011885,.0013562745,1915.0225,3.1125286,.0016253223,2158.2253,32.748043,.015173597,2359.6223,14.851563,.0062940423,2669.4392,25.853519,.0096850004,2881.5745,9.982832,.0034643672,2751.4998,1.1744889,.00042685409,2699.1301,11.65476,.0043179691,2765.4409,43.015476,.015554653,2843.0276,104.9802,.036925495,3191.9553,105.9211,.033183768,3488.7876,156.47514,.044850867,4188.1582,91.443253,.021833763
128,946.72778,47.156784,.04981029,943.38446,32.083141,.034008555,924.40179,38.301067,.041433353,933.54102,95.285408,.1020688,1037.4667,21.254519,.020486942,923.47705,24.73971,.02678974,1012.7101,7.4098344,.0073168362,1074.9568,111.90015,.10409734,1231.988,40.280773,.032695752,1229.6775,28.012756,.022780571,1117.984,2.6726623,.0023906087,1220.8035,25.026062,.020499665,916.95837,85.559731,.093308195,1078.5308,65.837082,.061043303,1420.3801,30.411325,.021410694
129,1631.9087,29.401033,.018016348,1475.439,43.573048,.029532261,1575.6185,6.6223207,.0042029973,1584.8574,.31670922,.00019983453,1615.2593,1.3648245,.00084495696,1743.5942,16.818792,.0096460469,1899.161,12.076858,.0063590487,1870.9257,.19494541,.0001041973,1956.3463,40.333527,.020616762,2234.7822,40.619514,.018176051,2330.9785,30.901684,.013256958,2690.7795,8.5966711,.0031948627,2882.5911,36.24897,.012575135,3525.1262,9.4344654,.0026763482,4025.4404,5.9737024,.0014839873
130,1000.223,7.3663855,.0073647429,972.18433,27.769388,.028563913,1087.9541,16.418161,.015090859,929.41943,2.8670335,.0030847574,995.8728,11.564483,.01161241,891.60938,17.311895,.019416457,1022.8788,49.354717,.048250798,1041.7212,37.710766,.036200441,1022.971,77.552673,.075811215,930.13678,81.161644,.08725775,1057.6376,74.164604,.07012289,1158.3083,45.685066,.039441194,1436.9982,61.59816,.042865857,1410.2272,26.048393,.018471062,1683.6113,25.653528,.015237204
131,1286.3634,12.384937,.0096278684,1367.5812,63.052662,.046105243,1162.8647,43.112267,.03707419,1208.1108,33.785423,.027965499,1306.3484,86.55722,.066258907,1305.2501,91.424408,.070043594,1419.8676,85.75119,.060393795,1371.1581,105.85455,.07720083,1424.0626,81.386292,.057150781,1558.0585,89.729492,.057590581,1482.8618,101.38049,.068368129,1685.5708,91.304916,.054168545,1929.0631,152.69667,.07915587,2168.208,111.43793,.051396329,2495.1423,120.88616,.048448604
132,1340.3059,39.461166,.02944191,1328.1638,26.986765,.020318853,1215.2673,40.388336,.033234116,1275.1722,60.058025,.04709797,1338.2048,59.295506,.044309739,1385.1338,57.061771,.041195855,1399.4773,67.36245,.048134007,1407.0001,24.438976,.017369563,1497.2769,103.79974,.069325678,1634.9607,110.21082,.067408845,1692.2393,132.0361,.078024492,1910.3256,221.01524,.11569507,1940.4413,133.79147,.068948992,2191.6648,199.35246,.090959378,2651.0156,74.101341,.027952058
133,786.81989,123.15506,.15652256,789.23151,95.688187,.12124223,834.10114,106.78363,.1280224,766.84558,11.821596,.015415875,791.51575,1.643736,.002076694,891.45447,22.711332,.025476716,800.32098,20.791172,.025978541,805.23724,46.825031,.058150604,753.83545,98.580856,.13077238,817.5611,187.32056,.22912118,854.29181,109.70703,.12841868,891.73932,132.12878,.14816974,889.52124,136.54669,.15350583,1032.63,120.09035,.11629563,1298.8169,225.14594,.17334694
134,1503.5192,10.861406,.0072239893,1536.6162,28.803844,.018744983,1500.4138,25.953835,.017297784,1474.7893,56.925396,.038599003,1663.2111,56.01189,.03367696,1852.1216,46.063911,.024870889,1926.7743,106.61096,.05533132,1919.8547,71.07045,.03701866,1879.3658,59.852634,.03184725,1945.2948,61.923275,.031832334,2135.8752,156.97835,.073496029,2517.1753,133.81932,.053162497,2511.3977,233.91745,.093142338,2825.8738,451.74435,.15986006,3487.8113,392.68271,.11258715
135,1085.4316,56.140266,.051721606,1060.1724,62.464077,.058918793,958.17596,62.343296,.065064557,973.04095,56.341908,.057902914,935.35034,84.010757,.08981742,1023.1412,73.491158,.071828946,964.6178,62.515789,.064808868,975.026,93.342995,.095733851,1007.1958,133.54065,.13258658,1173.6902,32.245174,.027473327,1091.2903,1.8736016,.0017168681,1163.1229,15.882041,.013654654,1079.433,35.681118,.033055428,1279.7153,14.699235,.011486332,1400.2592,60.497314,.043204371
136,1662.8123,145.52261,.087515965,1705.3326,115.33631,.067632735,1575.1577,87.850243,.055772346,1659.9318,122.56162,.073835336,1882.3766,258.00116,.13706139,1977.4443,185.68661,.09390232,2107.2061,209.30362,.099327549,2118.7808,163.45953,.077147923,2185.8025,116.06151,.053097893,2139.855,259.02011,.12104564,2296.7935,371.86649,.16190681,2669.3577,387.33838,.14510547,3116.6982,606.07648,.19446108,3247.1445,274.35107,.084489949,3142.2888,379.56549,.12079268
137,920.86499,6.0607638,.0065815989,939.49182,13.235181,.014087596,933.01624,26.870743,.028799865,904.92548,25.819544,.028532233,907.99261,104.51398,.11510444,892.45673,37.841846,.042401884,816.38092,59.882236,.073350854,972.85962,100.59227,.10339855,1102.7335,75.300995,.068285756,1288.3724,29.298155,.022740439,1287.2756,212.35672,.164966,1293.9763,177.21017,.13695009,1523.652,131.83557,.086526036,1558.4625,163.533,.10493226,1627.6018,157.43835,.096730262
138,1193.99,74.293999,.0622233,1137.8495,50.273693,.044183079,1028.2957,40.483906,.039369907,1001.3094,55.781906,.05570896,1125.738,108.26746,.09617465,1118.0421,144.89595,.12959793,1109.5764,100.91199,.090946406,1238.5175,50.195816,.040528953,1342.2028,27.671736,.020616658,1461.4088,129.63661,.088706605,1297.1149,107.73177,.083054915,1339.2869,38.757931,.02893923,1429.5205,124.27081,.086931817,1527.4991,100.83306,.066011861,1795.6479,121.87529,.067872599
139,890.49896,20.872602,.023439221,861.87726,31.668184,.036743265,921.87433,62.902489,.068233259,958.65253,103.06062,.1075057,886.9397,111.18992,.12536356,857.48083,40.556339,.047297079,1004.0806,54.231117,.054010719,867.61627,10.692517,.012324017,1178.4253,53.606224,.04548971,1162.463,26.141449,.022487983,1000.3478,42.754753,.042739887,1123.3053,54.396652,.048425529,1150.1312,73.807243,.064172886,1335.0767,163.75374,.12265493,1453.4329,82.224426,.056572568
140,978.21753,29.549011,.030206995,1065.6793,41.047134,.038517341,989.98724,13.737165,.013876104,948.56586,43.49197,.045850236,942.5058,52.656803,.055868942,936.75909,75.601944,.080705859,1029.2261,82.380798,.080041498,1205.0356,115.17709,.095579825,1318.8209,42.75761,.03242109,1144.2249,51.182053,.044730764,1289.2163,34.299538,.026604952,1366.8412,101.93372,.074576125,1516.4242,67.301437,.044381671,1677.3213,40.28624,.0240182,1958.4586,21.495792,.010975873
141,1208.8395,81.490234,.067411959,1151.9052,11.384195,.0098829279,1094.6396,24.181864,.022091163,1132.9974,36.308102,.032046057,1092.0762,70.146523,.06423226,1010.1667,161.78427,.16015601,952.69745,140.46529,.14743955,990.05597,9.8834534,.0099827219,1154.8206,121.62214,.10531691,1082.0538,45.633751,.042173274,1186.1431,15.787703,.013310117,1269.84,135.7108,.10687236,1408.6335,135.23109,.096001618,1330.1584,172.73015,.12985682,1582.2415,267.77368,.16923693
