llm_id,rprice_qm2007,rprice_qm_se2007,rcv2007,rprice_qm2008,rprice_qm_se2008,rcv2008,rprice_qm2009,rprice_qm_se2009,rcv2009,rprice_qm2010,rprice_qm_se2010,rcv2010,rprice_qm2011,rprice_qm_se2011,rcv2011,rprice_qm2012,rprice_qm_se2012,rcv2012,rprice_qm2013,rprice_qm_se2013,rcv2013,rprice_qm2014,rprice_qm_se2014,rcv2014,rprice_qm2015,rprice_qm_se2015,rcv2015,rprice_qm2016,rprice_qm_se2016,rcv2016,rprice_qm2017,rprice_qm_se2017,rcv2017,rprice_qm2018,rprice_qm_se2018,rcv2018,rprice_qm2019,rprice_qm_se2019,rcv2019,rprice_qm2020,rprice_qm_se2020,rcv2020,rprice_qm2021,rprice_qm_se2021,rcv2021
1,5.8851585,.2805075,.047663543,6.2515287,.16332844,.026126159,6.4115705,.10878392,.016966814,6.5036044,.12044376,.018519539,6.7230053,.087063372,.012950067,6.8112144,.091770001,.013473368,7.0128531,.11933808,.017017052,7.379817,.10243167,.013879974,7.3261042,.092803478,.012667507,7.6357579,.1309614,.017151069,8.3231812,.12952794,.015562312,8.670907,.16285694,.018781995,8.8255377,.19042562,.02157666,9.0144186,.17610104,.019535486,9.4133234,.19983086,.021228513
2,6.0716815,.047262009,.0077840067,6.2122273,.06653291,.010709993,6.2808681,.070078604,.011157471,6.4766407,.058702078,.0090636611,6.5716028,.083622739,.012724862,6.7169466,.084247462,.012542523,6.8783512,.074194416,.010786657,7.1774893,.1021851,.014236886,7.2925739,.069520324,.00953303,7.5048585,.026284223,.0035022944,8.0665054,.023299824,.0028884658,8.5350523,.01054158,.0012350925,8.8088121,.015550688,.0017653558,9.1745958,.026362905,.0028734677,9.5983591,.00096794043,.00010084437
3,5.1417542,.054092839,.010520308,5.0690556,.01822003,.0035943638,4.9797711,.030796945,.0061844098,4.9659243,.15456627,.031125378,5.1028562,.19683726,.038573939,5.2435369,.15934834,.030389477,5.1778798,.033319943,.0064350553,5.2411094,.14573197,.027805557,5.5211616,.15524659,.028118465,5.6801734,.051522169,.0090705277,5.9625201,.011829394,.0019839588,6.1516743,.063097753,.010257005,6.5554481,.1285475,.019609263,6.55479,.071721613,.010941863,7.6463876,.163202,.021343675
4,5.1736856,.031726994,.0061323778,5.4400067,.028641356,.0052649486,5.6453447,.056293152,.0099716056,5.7600727,.021763312,.0037783051,5.8104029,.0080202362,.0013803235,5.9281449,.0092941904,.0015678075,6.2312598,.039195564,.0062901508,6.3221221,.022672702,.0035862487,6.466186,.0059405309,.00091870705,7.0822372,.026761478,.0037786758,7.2369719,.0014597651,.00020170938,7.6047363,.013755163,.0018087627,8.0065727,.017124059,.0021387502,8.2990732,.010034734,.0012091391,8.365057,.014919744,.0017835795
5,9.1753941,.1975373,.021529026,9.8941679,.23278144,.023527136,10.588583,.20183468,.019061537,10.986165,.17624296,.016042264,11.453954,.11705817,.010219892,11.93384,.063810498,.0053470214,11.57319,.064686388,.005589331,12.530831,.047157627,.0037633278,12.19905,.010838134,.00088844082,12.322945,.046281673,.0037557317,13.920401,.25218242,.018116033,14.558646,.35482085,.024371829,15.342659,.35713199,.023277059,16.129297,.41241273,.025569169,16.255619,.4065313,.025008664
6,5.538868,.075145222,.013566892,5.8500161,.011997296,.0020508142,5.9172416,.0097962832,.0016555489,6.0481887,.0069229137,.0011446259,6.2569194,.016200019,.0025891366,6.5808601,.0012289534,.00018674662,7.0171561,.05871648,.0083675608,7.517014,.08692988,.011564417,7.6481962,.065407366,.008551999,7.8611116,.093695067,.011918806,8.4520731,.19910452,.023556886,8.5649748,.15283264,.01784391,8.8256512,.16625403,.018837593,8.933671,.18199462,.020371761,9.0575075,.056755126,.0062660864
7,5.4957566,.0032975536,.00060001813,5.1790948,.032032728,.0061850054,5.7513027,.086457968,.015032763,5.9221816,.019488117,.0032906989,5.9614263,.039326888,.0065968926,6.5701094,.18371956,.027962938,7.8590298,.32299292,.041098319,8.2650833,.20537384,.024848368,8.1110792,.030883921,.0038076218,8.8454504,.030004801,.0033921169,9.0128517,.18958707,.021035193,8.8937311,.17817055,.020033274,9.3887777,.26941749,.028695695,9.6145039,.16925897,.017604545,9.1345701,.019616252,.0021474741
8,4.5153971,.13301075,.029457154,4.5507798,.15610348,.034302577,4.9637876,.37235266,.075013816,4.9272332,.31396419,.063720182,4.8607898,.30449519,.062643148,4.7645535,.23907728,.050178319,5.3628726,.36980897,.068957254,5.1445045,.16543269,.032157168,5.2615523,.35200039,.066900484,5.623549,.4401927,.078276671,5.8401604,.53619611,.09181188,5.86731,.40184018,.068487972,6.0625491,.47801745,.078847602,6.0037441,.40122128,.066828512,6.2924151,.52873546,.084027424
9,5.3998427,.11506891,.021309678,5.2514834,.0079186223,.001507883,4.8233142,.096544094,.020016132,4.8682098,.14790265,.030381322,5.0180111,.14736836,.029367881,5.0138278,.1766085,.035224285,5.1236591,.23552139,.045967419,5.2083941,.38089904,.073131762,5.3470159,.24434794,.045698002,5.7247906,.21557835,.037656985,5.8715339,.23438202,.039918363,5.9998651,.31409097,.052349672,6.0691743,.26744321,.044065829,6.3007646,.3327632,.052813146,6.5401654,.24798392,.03791707
10,6.1440773,.090344563,.014704334,6.3472171,.092018656,.01449748,6.6745114,.12110186,.01814393,6.7941194,.11702181,.017223984,7.0280962,.1373011,.019536031,7.3634887,.1387156,.018838298,7.618526,.13609985,.017864328,8.0417595,.16410913,.020407116,8.3985987,.15476626,.018427629,8.929121,.18301487,.020496404,9.527729,.20247145,.021250756,9.9350357,.21797581,.021940114,10.187751,.24834351,.024376677,10.765297,.28189999,.026185993,10.758916,.25564224,.023760967
11,5.0175004,.019397652,.0038659989,5.1952262,.086201668,.016592477,4.8949857,.058551289,.011961483,4.9692245,.010450944,.0021031338,4.869503,.0034100735,.00070029189,4.9476547,.033656288,.0068024732,5.117126,.0023161457,.00045262629,5.1684318,.064216845,.012424822,5.2777843,.086487457,.016387077,5.9148393,.12599732,.021301901,5.9839015,.10872126,.01816896,5.9252076,.11966637,.020196147,6.0228167,.15402439,.025573483,6.1544337,.0361734,.0058776163,6.4998903,.010035263,.0015439127
12,5.1000113,.090897985,.017823095,5.2551131,.063739195,.012128986,5.3235216,.06409537,.012040032,5.4209194,.062061116,.011448449,5.5335722,.11060163,.019987384,5.6953249,.11819649,.020753248,5.8383012,.10850001,.018584175,5.8870945,.12198359,.020720508,6.1923199,.10775466,.017401339,6.3313875,.13753721,.021723077,6.379818,.097749017,.015321599,6.6356282,.10919406,.016455723,7.2155857,.15400696,.021343652,7.3626862,.14956465,.02031387,7.5165758,.11641413,.015487654
13,4.6096044,.14770931,.032043815,4.665154,.26980057,.057833154,4.3479686,.081994273,.018858064,4.3001614,.083911739,.019513626,4.2446914,.23889409,.056280673,4.3210149,.21205506,.049075291,4.2751274,.30146426,.070515856,4.2209649,.42220533,.10002579,4.5009208,.3444258,.076523408,4.2702579,.44025403,.10309776,4.5082378,.48575979,.10774937,4.7255759,.32847804,.069510691,4.656333,.32150626,.069047093,4.8319507,.35053194,.072544605,5.0857921,.27991372,.055038374
14,5.682725,.10387307,.018278742,5.7464867,.13252003,.023061054,5.7686138,.14978246,.02596507,5.9061623,.16343257,.027671535,6.02143,.27389959,.045487463,6.3267126,.29486826,.046606869,6.2180777,.32594305,.052418619,6.4068394,.11027418,.017211948,6.8980918,.19831762,.028749634,7.2465029,.082106158,.011330453,7.4785247,.27764341,.037125427,7.6020141,.018510371,.0024349298,8.1079969,.055218469,.0068103713,8.3463268,.10533722,.012620788,8.5387545,.077068329,.0090257106
15,4.7621336,.1734082,.036413971,4.7850671,.092251107,.019278958,4.9525294,.03796399,.0076655759,5.1446729,.00020967753,.00004075624,4.8147559,.38900912,.080795191,4.7664661,.66356492,.13921528,5.1284499,.35399672,.069026068,5.4192634,.12386679,.022856757,5.9492135,.36120233,.060714301,5.9370856,.33344883,.056163721,6.4317966,.70917505,.1102608,6.8805709,1.0064242,.14627045,6.9026589,.36712721,.053186346,6.9319649,.093793459,.013530574,7.5538754,.036051556,.0047725909
16,3.6821582,.17202364,.046718154,3.6355603,.15533903,.042727675,4.210062,.093084663,.022110045,5.20683,.061168138,.011747673,5.1269646,.11569382,.022565754,5.2916346,.1158374,.021890664,5.2413392,.10968797,.02092747,5.3103766,.18843828,.035484917,5.563622,.10345575,.018595036,6.216373,.054643426,.0087902425,6.6377258,.15768756,.023756264,6.5877304,.15900478,.024136504,6.4680605,.15154578,.023429863,6.8676963,.13824213,.02012933,6.9623556,.090801328,.013041754
17,5.5770841,.13456082,.024127452,5.7241635,.13506661,.02359587,6.0922141,.16629709,.027296659,6.4924307,.26359847,.040600892,6.8056493,.32770616,.048152078,7.268785,.15226893,.020948334,7.4230056,.18876925,.025430299,7.6817393,.18878384,.024575664,7.4955802,.073871285,.0098553123,7.7644229,.068710081,.0088493479,8.3004036,.087048002,.010487201,8.5971918,.10635109,.012370446,8.7824564,.10397281,.011838693,9.2018967,.10509355,.011420857,9.4476576,.084876575,.0089838747
18,5.5959835,.087963805,.015719097,5.7540865,.066932581,.011632182,5.8084927,.066271126,.01140935,5.892952,.065059461,.011040215,6.0655208,.10034761,.01654394,6.4684,.11253224,.017397229,6.5479393,.12008747,.018339735,7.0557499,.09282466,.013155889,7.2637973,.13242859,.018231316,7.5798001,.083274908,.010986425,8.1241074,.11878178,.014620902,8.5654421,.13760923,.016065631,8.7188902,.11060268,.012685409,8.7914553,.092015684,.010466491,8.6618433,.14111105,.01629111
19,4.2713904,.075385503,.017648937,4.324542,.091499284,.021158144,4.9107714,.28660953,.058363445,4.9828434,.15615165,.031337861,5.1467247,.1080493,.020993799,5.3015079,.20623991,.038902123,5.6429868,.18914044,.033517789,5.7315855,.17329851,.030235702,5.6855831,.21200246,.037287723,6.0019264,.096111618,.016013462,6.1110821,.068263538,.011170451,6.2435346,.23444976,.037550807,6.5179448,.24056761,.036908507,6.8277392,.0081930254,.0011999616,7.5738745,.183007,.02416293
20,4.8205137,.07737834,.016051887,5.0669928,.084338851,.016644755,4.9419332,.045135394,.0091331452,4.9147558,.047412835,.0096470378,5.0555377,.0029923243,.00059189042,5.0788183,.00022462601,.000044228007,5.1423044,.012098297,.0023526996,5.2587686,.025221119,.0047960123,5.4419646,.017990408,.0033058664,5.6190963,.095568776,.017007856,5.8036313,.025200762,.0043422403,5.8340945,.01924631,.0032989369,6.0744753,.032856338,.005408918,6.4747505,.029109482,.0044958461,6.5230417,.030711008,.004708081
21,4.3438892,.2196366,.050562203,4.5396075,.40840441,.089964695,4.705616,.24950738,.05302332,4.6018281,.40564772,.088149257,4.8879285,.40217122,.08227846,4.7972836,.50277156,.10480338,5.039597,.48725349,.096685007,5.160708,.73993152,.14337792,5.7533369,.66119874,.11492439,6.0662904,.7952677,.13109621,5.9912815,.65361935,.10909508,6.4831762,.69739413,.10756983,6.6666417,.61623722,.092435926,6.9845347,.54759634,.07840126,6.7996573,.4369756,.064264357
22,6.0641394,.24168399,.039854623,6.1055865,.19981489,.032726567,6.3813109,.14661278,.022975339,6.7247591,.18555529,.027592855,7.0479498,.19353391,.027459605,7.4718575,.20644578,.02762978,8.0716677,.27335086,.033865474,8.2600327,.16222836,.019640159,8.2579041,.19583522,.023714881,8.5903978,.16206266,.018865559,9.9945707,.2736477,.027379634,9.7801914,.16197273,.016561305,9.5687113,.16614857,.017363736,9.717144,.22967792,.02363636,10.077663,.26946902,.026739236
23,4.638782,.11991203,.025849896,4.7367983,.12240213,.025840688,4.7646375,.1057616,.022197196,4.753336,.12047366,.025345076,4.8594255,.10846239,.022320002,4.928092,.099092752,.020107731,5.0948725,.11780982,.023123212,5.2687373,.13725396,.026050635,5.3931308,.12628283,.023415495,5.5759606,.085580871,.015348184,5.6706481,.071276851,.012569437,6.0181684,.072080404,.011977133,6.4499712,.013206066,.0020474612,6.4347701,.042718802,.0066387458,6.553225,.034790687,.0053089415
24,8.6803608,.031125551,.003585744,8.6702957,.097186074,.011209084,8.7754288,.14161181,.016137309,8.9040728,.16215128,.01821091,9.1586971,.21621159,.023607243,9.5870848,.25372645,.026465444,9.7805204,.20595402,.021057572,9.9732933,.25572082,.02564056,10.039846,.29028344,.028913137,10.314388,.34741008,.033682082,11.02495,.42964202,.038969975,11.533854,.43674561,.037866406,12.116752,.44579336,.036791492,12.619597,.45727372,.036235206,12.699936,.35766238,.028162533
25,5.9887304,.17195152,.028712517,6.069922,.14284201,.023532759,6.0801625,.11094354,.018246805,6.0653281,.10985202,.018111473,6.1278415,.13481055,.02199968,6.3105154,.12747182,.020199906,6.3631439,.17107269,.026884932,6.3973174,.17165786,.026832787,6.5493832,.14056434,.021462224,6.9983711,.11747251,.016785692,7.2073522,.16064052,.022288425,7.5351663,.12783639,.016965305,7.8589025,.10669833,.013576748,8.0040121,.14144444,.017671693,8.1870384,.14173725,.017312396
26,5.7298999,.094952725,.016571445,5.6952171,.0080411844,.0014119189,5.5358758,.0024668116,.00044560459,5.5700569,.036783576,.0066038063,5.5870295,.0057518599,.0010295024,5.5269876,.0093394909,.0016897977,5.6883907,.039310254,.0069106109,5.7698188,.076668151,.013287792,5.808918,.065398529,.011258298,6.0155201,.11215806,.018644782,6.1554532,.14101911,.022909623,6.3323445,.10915304,.017237382,6.5725026,.11390522,.01733057,6.7399154,.17767765,.026362,7.0123734,.16386536,.023368031
27,5.5807738,.044839442,.0080346279,5.5816822,.028932979,.0051835589,5.5807333,.000055852033,.00001000801,5.7660642,.052020963,.0090219192,5.9438543,.015298257,.002573794,6.3234,.039427228,.0062351311,6.4010863,.0078858994,.0012319627,6.5911298,.017567256,.0026652876,6.6664515,.030805694,.0046210033,6.7190671,.054797579,.008155534,6.9480958,.063974455,.0092074806,6.8394232,.031875331,.0046605291,7.1891336,.07834927,.010898291,7.3653126,.0047550243,.00064559706,7.4555712,.080955625,.010858407
28,7.8376222,.24441904,.031185357,7.853941,.25510257,.032480836,7.7856545,.21269956,.02731942,7.8775611,.26734212,.033937167,7.9339166,.25890398,.032632556,8.4083786,.28937584,.034415178,8.4820499,.25564218,.030139197,8.5911989,.27404687,.031898558,8.6427164,.2538977,.029377071,8.9191475,.23307414,.026131885,9.7407322,.33336535,.034223851,10.055748,.36446953,.036244895,10.384331,.30651307,.029516883,10.822705,.36652786,.033866566,11.218663,.32069507,.028585855
29,8.9226036,.36687511,.041117497,8.9971676,.28506604,.031683974,9.0315886,.27175519,.030089412,9.0432777,.29625681,.032759894,9.2685595,.29634824,.031973496,9.4987183,.32031411,.033721823,9.8129568,.25361174,.02584458,10.214629,.34285596,.03356519,10.317451,.32897153,.031884965,10.718242,.43333635,.040429797,11.678856,.55104274,.04718294,12.083461,.62542528,.051758789,12.861955,.73468965,.05712115,13.233356,.7407741,.055977795,13.326982,.63688737,.04778932
30,6.5775714,.011171588,.0016984366,6.6358132,.091030769,.013718103,6.8378239,.054173853,.0079226745,6.8951783,.10580514,.0153448,7.1089878,.12748587,.017933056,7.5596476,.15660696,.020716172,8.0666637,.16809197,.020837855,8.367444,.13231091,.015812583,8.1426239,.1124012,.013804052,8.447608,.075905412,.0089854328,9.0108395,.16973719,.018837001,9.1675701,.15486057,.016892215,9.382411,.14340863,.015284837,9.5084162,.15490647,.01629151,9.5590696,.16278391,.017029263
31,5.2626905,.010459669,.0019875136,5.0801015,.0081702126,.0016082774,5.0398402,.048099156,.0095437858,5.128252,.026549725,.0051771491,5.1551089,.12664783,.02456744,5.1431527,.046641994,.0090687554,5.1977644,.079808176,.015354327,5.3560338,.11008283,.020553051,5.4666905,.020765075,.0037984729,5.6644297,.08269503,.014599004,5.9272718,.13163382,.022208164,6.1402063,.11575012,.018851178,6.1619229,.011865709,.0019256503,6.635191,.14928767,.022499379,7.1688743,.033143479,.0046232473
32,7.8188124,.17198817,.021996714,8.0775738,.16242665,.020108346,8.2244682,.18053663,.021951161,8.6170521,.20659785,.023975467,8.9124041,.21376091,.023984652,9.1202869,.2190813,.024021316,9.1539593,.19783105,.021611528,9.6564388,.25576773,.026486756,9.3144016,.17813826,.019125035,9.4768467,.18394214,.019409636,10.588951,.28161332,.026595015,10.934436,.2493884,.022807615,11.556969,.32182214,.027846588,11.484043,.29509917,.025696453,11.895479,.29443565,.024751894
33,5.4098797,.16035362,.029640883,5.5733776,.21849437,.039203223,5.7763305,.12002751,.020779198,5.6919298,.073504299,.012913775,6.0161591,.17997563,.02991537,6.2478852,.21858579,.034985565,6.4525623,.17812507,.027605323,6.6680326,.26938817,.040399946,6.7519078,.16740572,.024793841,6.6839161,.14686479,.021972865,7.2978086,.14836229,.020329705,7.3326845,.1058768,.014439023,7.9787731,.252161,.031603981,7.7525206,.10250286,.013221876,8.0584869,.15387373,.019094618
34,6.3010526,.037726071,.0059872647,6.3918519,.070614196,.011047533,6.4820099,.078353569,.012087851,6.2205124,.084074885,.013515749,6.0682774,.09590932,.015805032,6.2735462,.088820644,.014157964,6.6909442,.16360317,.024451433,6.745079,.15643671,.023192717,6.9021673,.17870842,.025891637,7.2740135,.13892183,.019098373,7.7114973,.17379993,.022537768,7.9633579,.12367425,.015530415,8.2879553,.16230682,.019583456,8.3151674,.11722218,.014097393,8.4589052,.094697736,.011195035
35,4.7865868,.0045218226,.00094468624,4.5558143,.074228846,.016293211,4.5374646,.035940312,.0079207914,4.726624,.1307794,.02766867,4.696332,.11261416,.023979174,4.6573191,.12138727,.026063764,4.797462,.1996229,.041610107,4.7295017,.10584451,.022379633,4.900105,.11951182,.024389645,5.0116258,.14248435,.028430764,5.0855565,.16815653,.033065513,5.2762899,.23388167,.044326916,5.2683997,.16785775,.031861242,5.6465054,.028919682,.0051216958,5.7110686,.14557315,.025489653
36,5.0107131,.085320979,.017027711,4.933188,.069576763,.014103813,5.0532126,.0015354308,.0003038524,5.208293,.0044708974,.00085841893,5.2181592,.017838612,.0034185641,5.3457866,.001175671,.0002199248,5.3978319,.012519455,.0023193487,5.5755916,.047562093,.0085304119,5.6528926,.016075386,.0028437451,6.0145035,.12565531,.02089205,6.4550576,.058110408,.0090023065,6.6431932,.049302775,.0074215475,7.2092376,.069888845,.0096943462,7.4627919,.026685566,.0035758154,7.8037934,.091853499,.011770366
37,5.6730647,.17851785,.03146762,5.7092586,.14737731,.02581374,5.6521354,.14068632,.024890825,5.6198344,.056712233,.010091442,5.658834,.065218277,.011525038,5.8171172,.11256971,.01935146,5.9638629,.17520316,.029377462,5.9728289,.19069988,.031927899,6.059267,.23166105,.03823252,6.4407568,.26871175,.041720524,6.5324416,.30243179,.046296898,6.8371115,.3143394,.045975469,7.0872064,.29817888,.042072836,7.3977308,.30224299,.040856175,7.5462356,.37966615,.050311994
38,5.5917397,.0052028932,.00093046058,5.5893192,.020755345,.003713394,5.5875058,.038154524,.0068285428,5.4868855,.018138947,.0033058731,5.6088829,.023901938,.0042614434,5.8069749,.054232374,.009339178,6.1428976,.067315929,.010958334,6.3744755,.14293914,.02242367,6.5399919,.18578006,.028406773,7.0105839,.19523124,.027848072,7.3905492,.24020162,.032501187,7.66506,.26850015,.035029098,7.9304285,.28870001,.036404088,8.3234711,.2785697,.033467971,8.6333199,.25177303,.029162945
39,5.4368806,.33435407,.061497409,5.2940273,.26850489,.050718457,5.2774162,.21929717,.041553888,5.3496609,.30123964,.056310043,5.4617863,.3457801,.063308977,5.4866877,.29985279,.054650966,5.4345536,.29094458,.053536057,5.5314226,.46166706,.083462626,5.625227,.45781267,.081385635,5.8710537,.49102485,.083634876,5.9839301,.54895842,.091738775,6.161891,.61617929,.099998407,6.1712976,.55656838,.090186603,6.2548904,.5667215,.090604544,6.5956998,.77037674,.11679985
40,5.8648272,.058379192,.00995412,5.9258809,.13157307,.022203123,5.8937712,.098768041,.016758038,5.8858061,.14171678,.024077717,6.0768852,.23324057,.038381599,6.342948,.23681286,.037334826,6.3865714,.17539561,.027463188,6.6512442,.22014998,.033099066,6.645998,.1791658,.026958449,6.8775353,.13491088,.019616166,6.9824371,.22727747,.032549877,7.1044393,.2412301,.03395484,7.358314,.20915784,.028424695,7.4386044,.17005944,.02286174,7.6714025,.1720504,.022427503
41,5.9949574,.03590405,.0059890416,5.7581034,.055470653,.0096334936,5.6765976,.038895715,.0068519413,5.8634453,.040695872,.0069406074,6.0699134,.06257052,.010308305,6.2900767,.097967714,.015574963,6.576036,.089278296,.013576309,6.855299,.057342261,.0083646625,6.9412704,.099113174,.014278824,7.1691661,.11725736,.016355788,7.5404849,.14585787,.019343302,7.9073,.21429445,.027100837,8.1900673,.14687905,.017933803,8.220602,.1282334,.015599028,8.4842997,.094369739,.011122867
42,8.2138634,.37540653,.045704015,8.2440653,.45649385,.055372421,8.014514,.53434926,.066672698,8.1090117,.61419433,.075742193,8.3775787,.46392086,.055376485,8.520689,.63711452,.074772656,8.4773846,.49385124,.058255143,8.5241776,.88434291,.10374524,8.1572189,.91222149,.11182997,9.1395931,.54459053,.059585862,9.8435698,.83681178,.085011005,10.176934,.96311092,.094636649,10.935526,1.2070632,.11037999,11.400904,1.0136863,.0889128,11.669679,.78239042,.067044728
43,10.838053,.089041971,.0082156798,11.279184,.1436573,.012736497,11.295179,.17363073,.015372109,11.48504,.19178012,.016698254,11.778575,.13810231,.011724874,12.120325,.1360447,.011224509,12.358832,.12195596,.0098679196,13.150164,.20188533,.015352305,13.620599,.23379442,.017164769,13.1702,.1975783,.01500192,14.661169,.31147671,.021245012,16.155884,.45171884,.027960021,17.009249,.51119018,.03005366,17.473225,.56238538,.032185551,16.949594,.50243753,.029643042
44,6.6547971,.21761435,.032700375,6.6841516,.2420563,.036213465,6.7733235,.27447167,.040522452,6.9271202,.28287271,.040835541,7.1268945,.33020216,.046331845,6.9738584,.38594121,.055341132,7.2070308,.43254256,.060016751,7.4118137,.46783164,.063119724,7.7831507,.37016636,.047559962,7.9818687,.34514856,.043241572,8.6304474,.39550531,.045826744,8.8022919,.31301177,.035560258,9.0655251,.26213947,.028916083,9.3096657,.32990569,.035436898,9.4891434,.26997948,.028451407
45,5.5760756,.13542147,.024286162,5.5415063,.17778741,.032082867,5.5436358,.16188321,.029201631,5.5628109,.1896874,.034099199,5.6207643,.14148547,.025171926,5.6382327,.18983074,.033668481,5.8041091,.15170658,.026137788,5.9929528,.20974991,.034999426,6.2184134,.22684206,.036479089,6.4195213,.19226971,.029950786,6.5881557,.29705861,.045089796,7.0359402,.19389649,.027558006,7.3849225,.15385747,.020833999,7.6312113,.29228902,.038301785,7.7861314,.27935448,.035878472
46,5.0773005,.0036094636,.0007109021,5.2587523,.012407196,.0023593421,5.3678174,.013338301,.002484865,5.4805856,.019307027,.0035228035,5.7908463,.055484083,.0095813423,6.2683506,.052346226,.0083508771,6.7940512,.091709547,.013498507,7.290803,.095584139,.013110235,7.3104997,.11147001,.015247933,7.6144285,.096303441,.012647495,7.8325491,.08919955,.011388317,8.1352568,.16134436,.019832732,8.4669008,.18481338,.021827748,8.5918121,.19062649,.022186995,8.3038864,.15611871,.01880068
47,4.7129941,.035227563,.0074745612,5.089242,.086697534,.017035451,5.6330843,.021246731,.0037717759,5.5344329,.03018494,.0054540257,5.7169809,.029983096,.005244568,6.0769901,.035996594,.0059234248,6.3222833,.013858943,.0021920789,6.8018246,.082054548,.012063609,6.9619551,.078093551,.011217187,7.4459829,.083621785,.011230457,8.2699289,.081986204,.0099137733,8.8783121,.067851156,.0076423488,8.6832542,.015949236,.0018367809,8.9512873,.1020023,.011395266,9.0126591,.027308827,.0030300522
48,4.3791852,.026167272,.0059753745,4.1653004,.14181387,.034046493,3.8886054,.02316932,.0059582596,3.9588504,.18007188,.045485899,3.9588861,.017447583,.0044071949,3.7920761,.16657807,.043927934,3.8259995,.03898045,.010188305,3.8006272,.26189035,.068907142,4.1211357,.21969764,.053309973,4.0774498,.36260346,.088928983,4.2185636,.25694236,.060907546,4.2894149,.26405403,.061559454,4.4103851,.56008708,.12699278,4.942596,.220503,.044612791,5.1958575,.35900664,.069094785
49,5.9184952,.068230152,.011528294,5.9529328,.07578741,.012731104,6.0357718,.059460852,.0098514082,6.046216,.082569689,.013656423,6.1756196,.11141348,.018040858,6.300128,.13049126,.020712476,6.4931531,.056856465,.0087563721,6.7155571,.13677427,.02036678,6.9893255,.12129734,.017354656,7.3018847,.1556211,.021312457,7.7818422,.20706558,.026608814,8.235425,.19924979,.024194233,8.6115046,.21379226,.024826355,8.859663,.19758141,.022301232,8.9384928,.14718531,.016466457
50,4.5535994,.1897611,.04167277,4.3056417,.12122944,.028155953,4.1937976,.30447927,.072602279,4.435883,.23855607,.053778712,4.5691423,.11446793,.025052387,4.5985417,.21497114,.046747677,4.6421843,.13391426,.028847253,4.5439572,.18468937,.040645052,4.7585139,.02820472,.0059272121,4.8476734,.27311894,.05634021,5.2402797,.053166527,.010145742,5.333498,.08361236,.015676834,5.7195749,.29627857,.051800802,5.8300238,.082878053,.014215732,6.409111,.11119834,.017350042
51,5.6161337,.029309275,.0052187638,5.4575653,.010081353,.0018472252,5.5514617,.14832444,.026718089,5.6156154,.20208515,.035986289,5.8408871,.1744889,.029873699,6.0373192,.11509956,.01906468,6.2636356,.060131233,.0096000526,6.2740479,.072374426,.011535523,6.5733976,.12202361,.018563248,6.7788706,.10375226,.015305243,7.1245456,.14407992,.020223033,7.5400271,.13490111,.017891329,7.9055967,.093059689,.011771368,8.0494385,.15204534,.018888937,8.2443266,.13755456,.016684754
52,6.6960797,.78292394,.11692273,7.3213944,.69113672,.094399601,7.4098577,1.299522,.17537746,7.9272079,1.3871706,.17498854,8.5809755,1.9234257,.22415,7.712142,1.6445838,.21324605,7.7654533,1.4373899,.18510057,7.8324866,1.4605405,.18647213,7.8469162,1.3103639,.16699094,7.534771,.72554761,.096293256,8.0048618,1.5478401,.1933625,8.514389,1.2583144,.14778681,8.6681938,1.6955388,.19560462,8.8988047,1.5569465,.17496131,9.1230726,1.0743637,.11776336
53,3.8727021,.070328705,.018160112,3.8344817,.0029279818,.0007635926,3.9524252,.20635833,.052210558,3.844245,.2218987,.057722311,3.9429982,.17052907,.043248579,3.8169088,.15346348,.04020622,4.2090421,.0023444437,.00055700174,4.1004343,.10716283,.026134506,4.2721896,.1462144,.034224696,4.6494393,.036917988,.0079403101,4.7384663,.20874298,.044052858,4.8706374,.10628254,.021821074,5.0444784,.12538143,.024855182,5.4531813,.31921017,.058536503,5.6025419,.14698078,.026234658
54,7.0054088,.24218211,.034570731,7.0482326,.17270306,.02450303,7.4915667,.1968006,.026269618,7.8755131,.22732362,.028864611,8.2288322,.24634936,.029937342,8.1979218,.22525667,.027477289,8.524518,.199242,.023372816,8.3287964,.20765886,.024932638,8.2874041,.16464062,.019866368,8.096446,.082213491,.010154269,8.9681492,.21246712,.0236913,9.2162123,.18346988,.019907298,9.6363964,.18411942,.019106667,9.8042288,.11098927,.01132055,9.6772451,.12299509,.012709722
55,5.6625066,.034834765,.0061518275,5.651103,.049049843,.0086796936,5.5851026,.013467962,.0024114081,5.6748395,.0061639352,.0010861867,5.8316288,.017936837,.003075785,5.9734001,.020506874,.003433032,6.3053484,.037271123,.0059110331,6.3509064,.0037018862,.00058289099,6.4126143,.016524289,.0025768413,6.6004057,.031765178,.0048126099,7.0353422,.050485387,.0071759676,7.2896562,.059272651,.0081310626,7.8058157,.067922942,.0087015815,8.1549244,.061623208,.0075565642,8.5584564,.089136161,.010414981
56,5.7755508,.29470423,.051026169,5.9628749,.2899985,.048634008,6.0217595,.3707777,.061572984,6.0423117,.36256775,.060004808,6.3522444,.3611443,.056853026,6.5544972,.29468086,.044958577,6.5288968,.34817454,.053328235,6.8632264,.33536017,.04886334,6.9956851,.40734085,.058227442,7.4966974,.3442136,.045915365,7.9284654,.4113107,.051877718,8.2136698,.39811677,.048470024,8.5954771,.17762055,.02066442,8.8800297,.27936843,.031460304,9.2582054,.2601729,.028101873
57,6.8540936,.1070965,.015625188,7.033638,.10371424,.014745462,7.1388159,.10460002,.014652292,7.2029867,.11496807,.015961166,7.4529166,.082337871,.011047738,7.6216779,.11734935,.015396787,7.9480777,.10274359,.012926848,8.1685915,.033504914,.0041016759,8.1996889,.02530754,.0030864025,8.6480103,.044155676,.0051058768,9.2746897,.057182103,.0061653927,9.5811195,.061098967,.0063770176,10.10923,.08442907,.0083516818,10.498221,.10961357,.010441156,10.401094,.12841746,.012346534
58,8.6143274,.06362009,.007385381,8.7125301,.058131438,.0066721649,8.8157597,.059767991,.0067796758,8.8573189,.047263499,.0053360956,9.1062756,.056239549,.0061759111,9.408534,.072083846,.0076615387,9.649478,.078436665,.0081285918,10.111515,.12043499,.011910677,10.041363,.026597926,.0026488362,10.350273,.0059067337,.00057068386,11.46762,.0056777,.00049510709,11.602648,.051845498,.0044684196,12.233501,.082715869,.0067614224,12.373366,.10748975,.008687187,12.498909,.011019405,.00088162936
59,8.8823853,.068215467,.0076798592,9.3431606,.062275585,.0066653658,9.6819019,.16279635,.0168145,9.8832417,.22249962,.022512818,10.062078,.21762116,.021627855,10.566966,.16636296,.015743682,10.793889,.082754679,.0076668086,11.643964,.22809459,.019589085,12.269713,.18977308,.01546679,12.112834,.093349077,.0077066259,17.015818,.43421981,.025518598,18.562595,.41872123,.022557257,19.606792,.41517466,.021175042,18.959087,.35389039,.018666003,17.797989,.32769179,.018411731
60,8.6059113,.49018016,.056958541,8.9583035,.5300644,.059170179,9.3277712,.70483786,.075563371,9.5557079,.90836543,.095059983,9.7787352,.87585241,.089567043,10.24941,.76237059,.074381903,10.441935,.72756594,.069677316,10.820033,.81210488,.075055674,11.687447,1.4968938,.12807706,12.095997,1.1639491,.096225977,15.530101,3.744009,.24108079,16.994009,4.2403631,.24952106,18.1968,4.1238441,.22662468,17.684303,3.5658317,.20163824,17.209406,2.6800423,.15573125
61,6.4041405,.24986942,.039016854,6.5972686,.21776447,.033008277,6.7124658,.27996174,.041707736,6.713141,.23768815,.0354064,6.7692523,.22279669,.032913044,6.8504777,.20591313,.030058214,7.158196,.29078043,.040622026,7.6031389,.40697479,.053527206,7.7455611,.19322208,.024946168,7.7366152,.20860392,.026963202,8.4855204,.12114727,.01427694,8.9761839,.14553289,.016213225,9.5276051,.44151509,.046340615,9.6779661,.28724948,.029680768,9.9255495,.21976158,.022140998
62,6.5545797,.039834298,.0060773231,6.6128283,.079703398,.012052845,6.5402198,.11735218,.017943155,6.6738667,.15444873,.023142315,6.9115348,.14735708,.021320457,7.2820859,.12171689,.016714564,7.6048541,.18701521,.024591558,7.9089546,.18229009,.02304857,8.2432261,.2745097,.033301245,8.6602859,.22013338,.025418719,9.5786448,.26804236,.027983328,10.30082,.32407618,.031461202,11.423712,.33363608,.029205576,11.332096,.18997449,.016764285,11.196931,.10261528,.0091645904
63,5.8181739,.092039652,.015819337,6.0128031,.33865905,.056322992,6.3781991,.36849314,.057773855,6.6426344,.35194913,.052983366,6.7651148,.36471733,.053911477,6.9499145,.32323626,.046509385,7.0870705,.32612458,.046016838,7.2044935,.40958792,.05685173,7.6694098,.32981125,.043003473,7.9021864,.29699066,.037583355,8.2183352,.33728915,.041041058,8.5758448,.24167195,.028180541,8.6869917,.28184924,.032444976,9.39116,.2442389,.026007319,9.3669653,.18349315,.019589392
64,5.6688042,.044450976,.0078413319,6.0887604,.10606451,.017419722,6.0296483,.097735405,.016209139,6.1835289,.070273586,.011364641,6.2133522,.12060301,.019410297,6.5074501,.26658425,.040966008,6.5982018,.32703435,.049564164,7.0291648,.33377048,.04748366,7.4023466,.29091093,.039299827,7.8209877,.23571675,.030138999,8.2075567,.13761923,.016767381,8.5891256,.18430099,.02145748,9.1378965,.24144068,.02642191,9.764946,.29806763,.030524248,10.028508,.16422926,.01637624
65,7.8105006,.021562904,.0027607582,7.9989705,.069408871,.0086772256,8.1603327,.14920783,.018284528,8.2766523,.1661046,.020069055,8.5579147,.2246834,.026254456,8.7599325,.16383348,.018702596,8.5892696,.17628326,.02052366,9.2211142,.18864469,.020457907,9.2050905,.1119575,.012162563,9.4006777,.020413643,.0021715076,10.26378,.2085854,.020322474,10.681942,.2130757,.019947281,11.166376,.23655972,.021185003,11.622021,.28182483,.024249211,11.524558,.14216755,.012336053
66,9.3103247,.18776172,.020167043,9.060173,.18624811,.020556794,8.9278126,.23943637,.026819153,8.775425,.22192523,.0252894,9.0809059,.30416831,.03349537,9.300251,.26826447,.028844863,9.1404381,.13584182,.014861631,9.4020948,.17292547,.018392228,9.4986801,.081553027,.0085857222,9.6392679,.022659466,.0023507455,10.718847,.13542894,.012634655,11.203874,.20135322,.01797175,11.982707,.25880301,.021598043,12.10317,.2088743,.017257817,12.273718,.29808086,.02428611
67,5.8015585,.13701126,.023616286,5.8067226,.11545108,.019882312,5.9560924,.12558576,.021085262,6.0237131,.12544796,.020825686,6.029716,.16525747,.027407173,6.1588879,.19263993,.031278364,6.3975515,.1873987,.029292254,6.6261601,.21517619,.032473739,6.7410607,.16711694,.024790896,6.9088664,.28607523,.04140697,7.2665548,.50124347,.068979524,7.5167899,.52040237,.069231994,8.2846594,.22450849,.027099302,8.6829033,.33250612,.038294349,9.0275507,.28050146,.031071711
68,9.4173927,.22635671,.024036027,9.0502987,.092802659,.010254099,9.1623201,.12120274,.01322839,9.2008495,.18918659,.020561861,9.55091,.14441422,.015120466,10.014054,.16274995,.016252153,9.3784685,.032126401,.0034255488,10.318666,.061030611,.0059145838,10.356441,.065521866,.0063266777,9.7056112,.06436424,.0066316524,11.898546,.056026656,.0047086976,12.531981,.048695765,.0038857195,13.723032,.0871443,.006350222,13.780211,.087567396,.0063545755,13.460891,.14079753,.010459748
69,5.8679042,.33483386,.057061918,5.9529643,.44351092,.074502535,6.2060776,.29165688,.046995364,6.413836,.17544028,.02735341,6.468441,.13653715,.021108201,6.8283877,.17694828,.025913624,6.837852,.12117028,.017720519,7.0734816,.14586987,.020622075,6.7728066,.20571534,.030373722,7.7731085,.069002464,.0088770743,8.4512854,.13344507,.015789915,8.6497946,.03767876,.0043560294,9.2144442,.029395971,.0031902057,9.4941597,.046448298,.0048923022,9.4875822,.16433856,.017321438
70,5.7249579,.048383161,.008451269,5.9153433,.017878216,.0030223462,5.9285679,.073620677,.012417953,5.9793038,.050615791,.0084651643,6.1717553,.067991406,.011016543,6.2587142,.051927071,.0082967635,6.4477181,.0079181315,.0012280517,6.7307277,.019635918,.0029173545,6.8851948,.0063569858,.00092328334,7.2317219,.011929114,.0016495538,7.7317591,.020009756,.0025879953,7.9798222,.071880139,.009007737,8.4448881,.015568153,.0018435002,8.7193832,.013852052,.0015886505,8.7485151,.048929177,.0055928552
71,9.1521845,.012649408,.0013821189,9.2246408,.084248088,.0091329394,9.4119692,.018923253,.002010552,10.375428,.15840498,.015267319,11.175136,.41648179,.037268613,11.111225,.40147391,.03613228,10.975963,.17638694,.016070293,11.256964,.20544261,.018250268,10.067271,.22543079,.022392442,10.259785,.07129769,.0069492385,11.269577,.13798012,.012243593,12.368105,.25063556,.02026467,12.892625,.25749165,.019972011,13.029521,.16892895,.012965093,13.132373,.42306796,.032215651
72,6.6563916,.11511607,.017294064,6.9958887,.19326107,.02762495,7.3650498,.2527588,.034318682,7.26266,.25423059,.035005163,7.4871655,.21106066,.028189661,8.141428,.24835645,.030505268,8.5663862,.25233915,.029456897,10.091256,.31196505,.030914392,11.987256,.26287052,.021929165,13.360965,.10131281,.0075827464,12.484707,.28432533,.02277389,12.288091,.33539769,.027294533,13.561504,.14363807,.010591603,12.150105,.32704926,.0269174,11.842455,.36470371,.030796293
73,5.3788905,.51296806,.095366888,5.1029773,.49276292,.096563809,5.1403718,.37962872,.073852383,5.3241854,.28369382,.053283986,5.3004112,.34562063,.065206379,5.4872451,.4318105,.078693494,6.1821022,.32822317,.053092483,6.3039293,.43754795,.069408767,6.8463097,.223378,.032627504,7.3733401,.25004959,.033912662,7.8588696,.098714173,.012560861,8.1306009,.16391893,.02016074,8.4389296,.23655754,.028031699,8.2919607,.54713356,.065983616,8.6006327,.49638066,.057714436
74,7.7954464,.14071038,.01805033,8.0105867,.11667078,.014564574,8.046299,.011288042,.0014028862,8.0792913,.0032922239,.00040748919,8.0962725,.10112997,.01249093,8.430069,.13929269,.016523315,8.3244476,.16332382,.019619778,9.0953188,.064373948,.0070777009,8.793541,.060456041,.0068750507,8.6255045,.020453546,.002371287,9.6854553,.31462938,.032484729,10.571759,.088686883,.0083890371,10.70542,.00920616,.00085995311,11.103593,.0090410849,.00081424857,11.116112,.012674764,.0011402156
75,4.9896398,.19984278,.040051546,5.1174898,.081989743,.016021477,4.0550289,.024874037,.0061341207,4.4691463,.049879346,.011160822,3.9785609,.03014007,.0075756214,4.7149501,.02040218,.0043271254,5.164958,.0042684413,.00082642323,5.7111154,.037998758,.0066534742,6.1977849,.037405021,.0060352241,6.6777244,.0027529565,.00041225969,6.6988778,.082166672,.012265737,6.9921436,.10194979,.01458062,7.4454541,.15009288,.020158997,7.9023571,.090807997,.011491255,8.1612854,.10885496,.013337968
76,7.5760489,.015363833,.0020279479,7.9648547,.021634858,.0027162903,7.9264007,.052887738,.0066723521,7.9856052,.0401586,.0050288737,8.2265196,.048156925,.0058538639,8.6230249,.085468359,.0099116443,8.8462992,.07106296,.0080330726,9.1791639,.079706751,.0086834431,9.1948404,.046184741,.0050228974,9.0617762,.022116719,.0024406605,9.8293171,.038336821,.0039002527,10.406046,.055936351,.0053753704,11.070945,.056457665,.0050996249,11.165921,.063169919,.0056573856,11.242344,.045216899,.0040220171
77,7.3024993,.18850186,.025813336,7.5504098,.15945287,.02111844,7.3918242,.14275295,.019312276,7.6678157,.11247662,.014668665,7.7199502,.096430756,.012491111,7.864131,.10806425,.01374141,8.3328915,.12622246,.015147499,8.6811333,.085298777,.0098257652,8.5905256,.076923393,.0089544458,8.3559475,.10718163,.012826988,9.126152,.32416925,.035520911,9.652276,.26882097,.027850527,10.142962,.22315633,.022001103,10.421118,.28073078,.026938643,10.562308,.099225901,.0093943384
78,4.5453072,.46434423,.10215905,4.6094265,.4772146,.10353015,3.9451721,.035300605,.008947799,4.4943409,.097255073,.021639451,4.5455451,.052829795,.011622324,4.7682543,.23789401,.049891219,5.0537624,.15489988,.030650407,4.9568825,.21075194,.042517032,5.3672233,.2082631,.038802765,5.7996922,.26380795,.045486543,5.9682527,.31782475,.053252563,6.0274224,.41578144,.068981633,6.2675314,.42968321,.068557009,6.8482275,.42845997,.062565088,7.407948,.6384117,.086179294
79,7.3504229,.011535361,.0015693466,7.7593379,.065465853,.0084370412,7.8488784,.054236956,.0069101537,8.3228474,.028230309,.0033919052,8.5828409,.023031661,.0026834542,9.1576433,.065594472,.0071628112,9.5174561,.031552743,.0033152497,9.8005123,.038058028,.0038832691,9.2749844,.017438134,.0018801255,9.9486771,.0013372315,.000134413,11.127712,.057378817,.0051563894,11.131302,.085703805,.0076993513,11.516583,.10607109,.0092102913,11.4248,.087261625,.0076379129,11.23127,.050583553,.004503814
80,12.129826,.11087405,.0091406135,12.68139,.15731815,.012405434,13.009129,.21484609,.016515026,12.938042,.21512613,.01662741,13.290401,.18293004,.013764072,13.770261,.056256134,.0040853354,13.588003,.15259162,.011229878,15.48265,.17417476,.011249674,15.615983,.12190945,.0078067104,16.605089,.0092259608,.00055561046,20.898289,.65121603,.031161213,21.855076,.71501899,.032716382,23.675072,.73936546,.031229703,23.58069,.67984676,.028830655,22.230005,.51411921,.023127263
81,5.0239034,.16631278,.033104297,4.8771162,.028524714,.0058486843,4.8078136,.05817442,.012099974,4.814909,.046817966,.0097235413,5.0453854,.043138415,.008550073,4.9214978,.060273003,.012246882,5.4050694,.079100952,.014634586,5.8770709,.029985376,.0051020952,5.8943515,.072384775,.012280363,6.426826,.035531733,.0055286596,6.5910835,.0014068978,.00021345471,6.9632211,.042511553,.0061051561,7.6209497,.014335234,.0018810298,7.81463,.16427025,.021020861,7.945683,.088468708,.011134186
82,7.2194061,.10241751,.014186417,7.324861,.16264105,.022203978,7.4410028,.12884174,.017315105,7.6250229,.11897832,.015603667,7.5321989,.13630359,.018096121,7.7612309,.14977488,.019297825,8.0912457,.12701151,.015697399,8.3580809,.094888672,.011352926,8.643383,.082703277,.0095683923,9.2360191,.1301387,.014090345,9.9669943,.1111937,.011156192,10.219737,.12911215,.012633609,10.524323,.064556278,.0061340081,11.029256,.082085177,.0074424944,11.50613,.086025774,.0074765165
83,8.2081499,.40417922,.049241208,8.2202816,.39254478,.047753204,8.1405287,.31742638,.038993336,8.0970345,.33204618,.041008368,8.2362766,.4154222,.050438106,8.4498444,.34811899,.041198272,8.5832729,.30078804,.035043515,8.7515421,.39754325,.045425508,8.9391384,.31714615,.03547838,8.6941433,.25810927,.029687718,9.3669596,.19262215,.020563999,9.984726,.23930979,.023967586,10.348347,.48607162,.046970945,11.030567,.21016502,.019052966,11.744343,.31947261,.027202256
84,5.075644,.12020783,.023683267,5.2698703,.24391985,.046285741,5.2785764,.27899522,.052854255,5.3688593,.23944096,.044598106,5.4968228,.33378008,.060722366,5.8054156,.40633339,.069992125,5.8258123,.321935,.055260103,5.9661899,.39492121,.066193201,6.5352359,.26166812,.040039584,6.483665,.24782597,.038223129,6.8685317,.46007782,.066983432,7.3748636,.43409744,.058861759,7.8261228,.41445428,.052957803,7.8073616,.57944715,.07421805,7.9288917,.30258363,.038162161
85,4.3933787,.043869663,.0099854041,4.5632777,.010442651,.0022884102,4.5233274,.17825685,.039408349,4.6626687,.044061419,.0094498284,4.8229651,.20200013,.041882973,4.8810534,.023748843,.004865516,5.1269011,.11701484,.022823697,5.4672475,.10330983,.018896133,5.9430742,.37613937,.063290372,6.1187267,.91033214,.14877804,6.727819,1.2060609,.17926477,7.104434,1.1137372,.15676649,7.4541321,.87161225,.11693007,6.8517838,.90613651,.13224827,7.2791038,.29630166,.040705789
86,5.8693256,.023862112,.004065563,5.8519001,.049117263,.0083933873,5.8123908,.033978824,.005845929,5.9644508,.0054325238,.00091081712,6.4559059,.052466433,.0081268894,6.7466536,.034652647,.0051362719,6.9542041,.00026898933,.000038680104,7.1557379,.060723085,.0084859291,7.4877605,.062817723,.0083893873,8.1962042,.036920022,.004504527,8.7939463,.032674778,.003715599,9.2826948,.048687853,.0052450127,9.3770895,.066920266,.0071365712,9.4175282,.066477574,.0070589194,9.2693233,.0099404035,.0010723979
87,6.712709,.031117592,.0046356237,6.5170193,.014094244,.0021626826,6.5956564,.04896256,.0074234554,6.8579111,.0577746,.0084245186,6.8929076,.031114895,.0045140451,7.2670021,.032682341,.0044973623,7.647459,.077552579,.01014096,8.2156477,.051057015,.0062146061,8.9546328,.071039714,.0079332916,9.0118561,.068330668,.0075823078,9.5643387,.030240869,.0031618359,9.8373919,.061071884,.0062081376,10.272621,.022366947,.0021773358,10.460959,.037258461,.0035616676,10.544796,.027317952,.0025906572
88,3.7562716,.64173394,.17084333,3.7746353,.43330598,.11479413,3.6705301,.42087024,.11466198,3.8187397,.28066927,.073497884,3.8056924,.4172368,.10963493,4.1346402,.13534206,.032733697,4.5798573,.26688901,.058274522,4.7762651,.50277627,.10526557,5.6370502,.38677052,.068612218,5.7595315,.32735822,.056837648,5.5828443,.3320924,.059484448,6.0824451,.36310983,.059698004,6.1539536,.18515062,.030086452,5.8137922,.46891925,.08065635,5.9907508,.2281573,.038084924
89,5.2399721,.22166075,.042301893,5.5305009,.18833414,.034053721,5.7075205,.18613066,.032611474,5.8790779,.35678318,.060686927,5.853992,.28665659,.048967712,5.7954922,.32703352,.056428947,6.1354499,.22968324,.037435435,5.8341618,.28754956,.049287211,5.7826443,.41865954,.072399326,5.8789907,.41614953,.07078588,6.3915482,.2419721,.037858136,6.7240996,.27441004,.040809929,7.1406274,.1734923,.024296505,6.978148,.29487893,.042257477,7.0064769,.070342749,.010039675
90,8.4352055,.081565559,.0096696587,8.4031096,.10552492,.012557842,8.245842,.094769783,.011493039,8.4355173,.13158391,.015598796,8.8283558,.073596798,.0083364109,8.8147373,.056311633,.0063883509,8.7365475,.020120095,.0023029801,9.6228237,.177885,.018485738,9.106741,.025202446,.0027674495,9.1821432,.020485425,.002231007,10.32462,.11419594,.011060546,10.753646,.18184479,.016910059,11.152943,.1887183,.016920943,11.449145,.1645577,.014372924,11.587839,.18966188,.01636732
91,6.0866804,.17286141,.028399948,6.1845918,.17404047,.028140979,6.6073685,.07582023,.011475102,6.6740813,.12179422,.018248837,7.2166257,.17354888,.024048479,7.7443452,.17169154,.022169923,7.5023088,.156368,.020842651,7.6902051,.13374405,.017391481,7.9090762,.15330787,.01938379,8.2360001,.13436782,.016314695,8.7276115,.15620576,.017897882,9.3395176,.16596048,.017769706,9.5515032,.20256361,.021207511,9.9471188,.015286833,.0015368102,10.0727,.00041732521,.000041431318
92,5.933598,.00039805003,.000067084089,5.9956465,.046419851,.0077422597,6.1901121,.098233491,.01586942,6.3532763,.098716006,.015537811,6.6938648,.15342546,.02292031,6.9795513,.14971073,.021449907,7.2837276,.19083393,.026200036,7.5567808,.22304992,.029516527,7.6654463,.11827624,.015429792,7.7904787,.12642555,.016228214,8.2432833,.080812193,.0098033985,8.8001232,.11854551,.013470892,9.2105818,.10673704,.011588523,9.4036102,.14955889,.015904412,9.4222536,.14677776,.015577777
93,5.2544918,.19105305,.036359947,5.2478504,.11227047,.021393612,5.4825201,.056675397,.010337472,5.6802592,.051959317,.0091473497,5.9606209,.10134335,.017002147,5.9845896,.18553787,.031002607,6.4784784,.10347474,.015972074,6.4955778,.07532312,.011596061,6.6554875,.086288199,.01296497,6.9421515,.0014099758,.00020310358,7.1430807,.052776176,.0073884334,7.3099527,.11429404,.015635401,7.5476465,.04515367,.0059824833,7.7318783,.067207396,.0086922469,7.9862528,.066008791,.0082653016
94,4.0826058,.0080582313,.0019737962,3.9986961,.011659104,.0029157265,4.237534,.025756862,.0060782665,4.3240318,.0011044396,.00025541894,4.4128289,.059461899,.01347478,4.41819,.044172287,.0099978242,4.6270909,.0097536212,.0021079381,4.6976748,.0082884002,.0017643623,4.8854432,.035313584,.0072283274,5.2305932,.0027866715,.00053276395,5.5604324,.084970452,.015281267,5.8211656,.070227303,.012064131,6.0842195,.13866319,.022790629,6.1616192,.072058238,.011694692,6.2146206,.094220273,.015161066
95,4.573072,.3617864,.079112336,4.5788565,.2415631,.052756205,4.6198626,.41752803,.09037672,4.4266963,.31375435,.070877768,4.4044957,.37242001,.084554516,5.105762,.64319575,.12597449,5.3474417,.71121556,.13300109,5.4483948,.72158349,.13243964,5.4059296,.63583571,.1176182,5.5129757,.60427958,.10961042,5.7595019,.67069173,.1164496,5.4623723,.81722349,.14960963,5.3346601,.59089947,.1107661,5.9887853,1.3155019,.21966089,6.2203798,1.4513404,.23332022
96,7.6325812,.2262983,.029648988,7.8383927,.26285368,.033534132,7.775147,.19520847,.025106724,7.95542,.070512213,.0088634184,8.4934902,.1358684,.015996769,8.8111391,.17283309,.019615294,8.9901457,.1167447,.012985853,9.3626766,.10170858,.010863195,9.4393654,.14447922,.01530603,9.8412943,.19240929,.019551218,10.254054,.46044439,.044903643,11.125409,.41396797,.037209235,11.668408,.51552129,.044180945,11.420734,.44718185,.039155263,11.365381,.3466377,.030499434
97,6.5797262,.078241721,.011891333,6.7251992,.075701319,.011256368,6.9327726,.093786992,.013528064,7.0832157,.07908421,.011165015,7.2972507,.07743226,.010611155,7.6260309,.032008555,.0041972757,7.7987547,.017159943,.0022003439,8.5754671,.10265025,.011970222,9.0049734,.12470663,.01384864,9.3633308,.15611948,.016673498,10.32494,.18450482,.017869821,10.775853,.23747247,.022037463,11.406409,.20737582,.01818064,11.431178,.20214297,.017683476,11.151679,.22171122,.01988142
98,5.2419658,.027002612,.0051512378,5.0513864,.04073428,.0080639804,5.4612637,.092941865,.017018382,5.4534383,.037498593,.006876138,5.6808534,.051491521,.0090640467,5.8219194,.10846671,.018630747,6.3365064,.11515488,.018173244,6.4597969,.075737305,.01172441,6.5367465,.18219288,.027872104,6.8689723,.070912182,.010323551,7.0627003,.14563864,.020620815,7.5565529,.16214482,.021457512,8.2996731,.091717787,.011050771,8.3033361,.040885586,.0049239951,8.7537584,.15228908,.017396994
99,4.8086925,.12221304,.025415026,4.3876467,.013591059,.0030975738,4.300159,.043178082,.010041043,4.4098134,.013977842,.0031697128,4.5846043,.13099611,.028573046,4.6092801,.019110963,.0041461927,4.9161448,.037189361,.0075647407,5.2347751,.062306389,.0119024,5.153265,.12916049,.025063818,5.5606837,.23428193,.042131856,5.8331947,.21799712,.037371822,5.8855376,.28291011,.048068695,5.9875669,.6189031,.10336471,6.1374626,.49377802,.08045312,6.8255429,.28602785,.041905507
100,6.6277161,.052500769,.0079213968,6.6341519,.018956605,.0028574271,6.7580991,.032647505,.0048308712,6.7854967,.10921604,.016095512,6.9134936,.1192188,.017244363,7.1382842,.16603509,.023259804,7.324059,.13447623,.018360889,7.5348387,.10974461,.014564958,7.9756079,.18525755,.023228018,8.3269463,.13555792,.016279427,8.689249,.16549431,.019045871,8.9340248,.19682346,.022030773,9.7221327,.21347043,.021957161,9.9271889,.16892593,.017016491,10.429194,.10563294,.010128581
101,5.0573578,.11186942,.022120131,5.0858793,.072150446,.014186425,5.1665173,.044721261,.0086559784,5.5041137,.09657032,.017545117,5.6130981,.082848102,.014759782,5.8035474,.32112357,.055332292,5.8591027,.18245831,.031140998,5.9841967,.076799467,.012833714,6.2617397,.033421632,.0053374353,6.8178163,.065864243,.0096606072,6.63943,.022578115,.0034006103,7.2743034,.13891421,.019096566,7.7800679,.23238084,.029868741,8.2924747,.087275073,.010524611,8.2033405,.13995527,.017060766
102,6.7894883,.033026125,.0048643025,6.9507637,.060403544,.0086902026,7.138814,.1158473,.016227808,7.3529215,.16884997,.022963658,7.7278967,.15803657,.020450141,7.8737183,.15047905,.019111561,8.2679567,.17610444,.021299632,9.1641321,.24325018,.026543722,10.458723,.18652909,.017834786,10.11113,.10846013,.010726806,10.44638,.24722159,.023665767,10.997375,.18371667,.016705502,11.502885,.1360314,.011825851,11.490183,.16793053,.014615131,11.638597,.12357222,.010617451
103,6.595161,.046535283,.0070559736,6.6605401,.02504907,.0037608165,6.7851844,.050510187,.007444188,6.8596516,.055245392,.0080536734,7.125339,.053055499,.0074460316,7.3461614,.063694954,.0086705089,7.7924924,.063490361,.0081476318,8.4271936,.096485361,.011449288,8.7812519,.059092518,.0067293956,9.0766726,.0113524,.0012507227,10.11995,.088952363,.008789802,10.548594,.096830308,.0091794515,11.127403,.1192146,.010713605,11.416126,.068513162,.0060014371,11.524302,.047815792,.0041491268
104,5.0630178,.28456143,.056203917,5.2373624,.33073512,.063149177,5.3278604,.12490384,.023443528,5.3569579,.24566564,.045859169,5.6407323,.27742666,.049182739,5.7210979,.28686243,.050141152,5.8540816,.19431531,.033193134,6.2338672,.35784703,.057403699,6.57164,.19671752,.029934311,7.2595148,.033187825,.0045716311,7.4534283,.15387955,.020645473,7.8293071,.12855409,.016419601,8.2214079,.21709061,.026405526,8.6665344,.12920418,.014908402,9.2628193,.18467702,.019937452
105,4.7921286,.18357936,.03830852,4.4697614,.30287743,.067761429,4.6355519,.33747873,.072802275,4.656621,.37109235,.079691336,4.7287178,.22860494,.04834396,4.8845053,.44092399,.090269938,5.4938068,.75144112,.13677968,5.8379912,.32906529,.056366187,6.4877291,.04837412,.0074562486,6.7938976,.033748392,.0049674567,6.6591563,.15166593,.022775548,6.9871101,.081917241,.011724052,7.4608016,.1070994,.014354945,7.5952282,.17286409,.022759566,8.0883789,.35559547,.043963749
106,5.6409259,.043087877,.0076384405,5.9561062,.041062966,.0068942634,6.1710782,.066017076,.010697818,6.2319603,.093112446,.014941117,6.2184215,.13600102,.021870667,6.436615,.080059148,.012438082,6.7313299,.082983464,.012327945,7.0262308,.07910344,.011258304,7.2924709,.13656241,.018726492,8.1387873,.11439874,.014055993,8.513854,.133349,.01566259,9.1074047,.15676844,.017213294,9.6819496,.14509109,.01498573,10.510286,.092362151,.0087877866,10.201816,.098373987,.0096427919
107,6.0330963,.01176627,.001950287,6.1838717,.071840629,.011617419,6.1434932,.082750648,.013469641,6.1511998,.10825869,.017599605,6.4076457,.070571706,.011013672,6.5368199,.10814608,.016544143,6.8877473,.13280086,.019280739,6.9046717,.1521887,.02204141,6.8941488,.15262671,.022138586,7.1169944,.1267629,.017811297,7.4092526,.17564194,.023705756,7.4158044,.1677255,.022617305,7.5584474,.16657647,.022038452,7.9144077,.2271056,.028695211,8.0329323,.20158219,.025094472
108,5.3612595,.16948324,.031612579,5.6092997,.12070466,.021518668,5.4200821,.1294741,.023887848,5.5667324,.20223516,.03632924,5.6103873,.04837044,.0086215865,6.0211563,.10304751,.017114239,5.9482269,.14616233,.024572421,6.02526,.069600567,.011551463,6.2229118,.036394697,.0058484995,6.3370881,.11438215,.018049639,6.6735568,.19821344,.02970132,7.0468535,.14854537,.021079673,7.0635939,.1402313,.019852685,7.2617903,.20164615,.027768103,7.518857,.16819167,.022369314
109,6.3838396,.01181137,.0018501985,6.6930294,.036279961,.0054205591,7.0084224,.10885966,.015532691,7.5339885,.13043788,.017313257,8.1863403,.16582315,.020256078,8.8887796,.16306235,.018344739,9.5763578,.19632551,.020501062,10.525099,.30054319,.028554905,10.733192,.14274487,.013299386,11.496362,.25416341,.02210816,13.008477,.28450382,.021870647,14.00026,.28186423,.020132784,15.403346,.48338911,.031382084,14.959189,.78474087,.052458782,15.447909,.66192943,.042849127
110,5.8841887,.048445608,.008233184,5.5467343,.00053267367,.000096033742,5.5471945,.019151358,.0034524403,5.7372227,.058976155,.010279565,5.9046326,.044871416,.007599358,5.775332,.055633768,.0096329991,5.5485511,.010664367,.0019220094,5.7321005,.062556066,.010913288,5.7614903,.047693972,.0082780616,5.8823137,.051318567,.0087242145,5.8803859,.12429938,.021137964,5.9625092,.12105139,.020302089,5.9138465,.055819143,.0094387205,6.109695,.049324155,.0080730962,6.2449789,.10264102,.016435767
111,5.1623445,.1171594,.022694999,4.9369817,.15728644,.031858824,5.0759807,.17103791,.033695541,4.9337077,.31725818,.06430421,5.2620668,.26869768,.051063143,5.4295816,.28870967,.053173464,5.4753971,.19339791,.035321258,5.3200111,.18634863,.035027865,5.4208703,.25753054,.04750723,5.2162857,.42828149,.082104683,5.2014918,.52471018,.10087686,5.4834933,.34233472,.062430043,5.3410306,.47412699,.088770695,6.4609151,.39534706,.061190568,6.2753739,.44325486,.070634015
112,4.4120011,.51718664,.11722269,4.3326883,.44317847,.10228718,4.1366005,.43169111,.10435891,4.1958222,.47998995,.11439711,4.23246,.43422228,.10259335,4.3300147,.30275095,.069919147,4.2359371,.1703763,.040221632,4.3691444,.26120082,.059783056,4.5549088,.36323664,.079746194,4.5499582,.34838787,.076569468,4.5725679,.55048269,.12038808,4.8482609,.66086274,.13630924,4.9370403,.57256413,.11597315,5.2044916,.38245389,.073485352,5.3028965,.45779797,.086329795
113,5.4524546,.0015840534,.00029052116,5.4015865,.26128733,.048372332,5.3215165,.15062699,.028305275,5.2109237,.38007227,.0729376,5.1216135,.54116684,.10566335,5.5282698,.29616031,.053571973,6.0514216,.16048624,.026520418,6.1461368,.2158221,.035115082,6.1077447,.28658608,.046921752,6.5390425,.045501728,.0069584693,7.0678658,.15549251,.021999924,7.5226645,.046009805,.0061161579,8.4698048,.080740832,.009532785,9.0422802,.43658665,.048282806,9.4463415,.30305183,.032081395
114,6.4199538,.6252327,.097388968,6.5911126,.90884376,.13788928,6.5037899,.38613522,.059370801,6.7419968,.44752583,.066378824,6.5512424,.20864527,.0318482,6.6904273,4.8875991e-06,7.3053616e-07,6.5712924,.15762076,.023986265,6.7154951,.30180189,.044941124,7.0018325,.44677466,.063808247,7.4656944,.54262614,.072682612,7.794971,.99582088,.12775171,8.6150312,1.1976588,.13901967,8.7588654,.93226826,.1064371,9.6667166,.76677185,.079320818,9.8818903,.86082494,.087111361
115,4.3572578,.4563795,.10474008,4.7719049,.44983062,.094266467,4.8027501,.023986803,.0049943891,4.8776355,.018722627,.0038384639,4.952282,.0882257,.017815161,4.6488771,.033036128,.0071062595,4.7304025,.23394182,.04945495,4.9325709,.21520765,.043629915,5.5377145,.25299317,.045685485,6.0101018,.3340494,.055581324,6.3128419,.4343209,.068799585,6.9915886,.054843873,.0078442646,6.9345188,.027569219,.0039756498,7.2093449,.0094555914,.0013115742,7.616199,.072065972,.0094621964
116,4.8694949,.069765024,.014326952,4.7746387,.074186221,.015537557,4.5825262,.073579088,.016056446,4.7158113,.089908846,.019065404,4.8563361,.069443822,.014299633,5.0916891,.058524527,.011494128,5.1306119,.054830998,.010687029,5.0654669,.078353949,.015468258,5.3371639,.090060659,.016874254,5.7466536,.05240139,.0091185924,5.8922267,.063111641,.010711,6.106504,.081221543,.013300826,6.3005795,.044957682,.0071354839,7.0035782,.064751253,.0092454534,7.0845308,.094997473,.013409141
117,4.344276,.17201796,.039596464,4.3196063,.02493085,.0057715559,4.3449893,.1108749,.025517875,4.4143672,.12235601,.027717678,4.3599067,.1133794,.026005005,4.3373823,.28105363,.064797983,4.2727385,.23434711,.05484705,4.4973903,.15384315,.034207206,4.6994009,.074086793,.015765157,4.7524433,.080912046,.017025357,4.7954836,.017297737,.0036070892,4.8295927,.10941952,.022656055,5.2814918,.12110435,.022929952,4.9370704,.14149041,.028658779,5.7272086,.10738111,.018749293
118,5.1951375,.091368295,.017587272,5.2772045,.058281619,.011044033,5.2378721,.059668854,.011391812,5.0016422,.053470738,.010690636,5.1192474,.049951825,.0097576501,4.7358012,.015749926,.0033257152,5.3429337,.024304811,.0045489636,5.9338646,.018899726,.0031850617,5.9726543,.050665926,.0084829833,5.9746103,.050819419,.0085058967,6.0969872,.063991494,.010495593,6.4787536,.075035527,.011581784,6.4303246,.091269024,.014193533,6.3972688,.083461717,.013046461,6.326539,.064528845,.010199707
119,6.5835805,.7997874,.12148213,6.3609405,.61070079,.096007943,6.0734229,.36221227,.059638903,5.8791132,.17929755,.03049738,5.8485341,.19158167,.032757211,5.960885,.15194872,.025490966,5.9257569,.047326516,.0079865772,5.6387892,.17318314,.030712824,5.9345989,.25271279,.042582959,6.2436047,.2584188,.041389361,6.0526309,.4243874,.070116185,6.3742723,.56738412,.089011595,6.629529,.59789252,.090186276,7.6194334,.84504122,.11090604,7.8475418,.63315558,.080682024
120,5.0797195,.42206171,.083087601,5.0860372,.46237734,.09091112,5.1996036,.45759642,.08800602,5.3846617,.062493674,.011605868,5.2320032,.26729783,.051089004,5.178051,.050849438,.0098201884,5.3116965,.0002232995,.000042039206,5.1638131,.5074442,.098269284,5.2518754,.29136485,.055478249,5.9085212,.19953454,.033770639,6.1823406,.0098188696,.0015882123,5.7842255,.0019055458,.00032943836,5.3088942,.28960109,.054550171,5.6580124,.027617512,.0048811333,5.6896429,.14745362,.025916146
121,5.8678918,.0061358172,.0010456595,5.8169246,.034800388,.0059826095,5.8933768,.037759271,.0064070686,5.7755346,.15048724,.026055984,5.7111349,.23928824,.041898545,6.0171828,.25464067,.042318918,6.5212393,.083624542,.012823412,6.5307808,.030153735,.0046171714,6.3317118,.11531068,.018211612,6.586565,.19409917,.029468954,6.7777414,.21092534,.031120298,6.95403,.16922233,.024334425,7.2976923,.18852408,.025833383,7.6925411,.19011834,.024714634,7.6498408,.19947346,.026075505
122,5.8951044,.13203888,.022398056,5.6641865,.11369234,.02007214,5.4774179,.10584527,.019323934,5.215065,.091034472,.017456057,5.0504379,.0914822,.018113716,5.6041889,.13967937,.024924101,5.4945941,.10724171,.019517675,5.4751258,.17172492,.03136456,5.7452002,.19290258,.033576302,5.882092,.20564279,.034960825,5.7728019,.18937263,.032804284,5.9516716,.17644507,.029646304,5.9564896,.21765891,.036541473,5.9673805,.24451375,.040975057,5.6447916,.23461413,.041562941
123,5.2648296,.56293112,.10692295,5.8097377,.55176717,.094972819,5.7536917,.56316209,.097878389,5.9484501,.48044685,.080768406,5.8352633,.49349186,.084570624,6.0047851,.58759069,.097853743,6.2087979,.50834715,.081875294,6.3761249,.61117697,.095853984,6.6336894,.64464551,.097177528,6.7850246,.46679419,.068797715,7.3964896,.66274661,.089602858,7.5481982,.60223913,.079785816,7.6555357,.61808228,.080736645,7.6733174,.56576979,.0737321,7.7044392,.62808931,.081523038
124,5.737289,.095982812,.016729645,5.6591411,.051658202,.0091282763,5.9361496,.024070447,.0040548923,5.9520144,.018881211,.0031722388,6.044313,.054448381,.0090081999,6.0055203,.086551331,.014411962,5.9543209,.10066064,.016905477,6.1212201,.088796094,.014506274,6.145061,.10147507,.016513273,6.1275921,.059560567,.009720061,6.4818902,.058220807,.0089820726,6.4535022,.038844235,.006019094,6.6083488,.097899459,.014814511,6.7896981,.066762358,.0098328907,6.7885256,.11585326,.017066043
125,5.3794951,.065719746,.012216712,5.6942291,.08472199,.014878571,5.8318572,.12105414,.02075739,6.0018983,.18256965,.030418651,6.0771461,.1926333,.031697989,6.2253203,.05201254,.0083549982,6.7585936,.02191228,.0032421362,6.8964939,.055239804,.0080098389,7.2832141,.22685951,.031148268,7.2523003,.2500014,.034472015,7.2376289,.29415482,.040642429,7.2066555,.3102434,.043049566,7.5694103,.26314738,.03476458,7.6593828,.32829219,.042861443,7.1566701,.27318856,.03817258
126,4.8990464,.045583598,.0093045859,4.8738332,.029055901,.0059616119,4.8169441,.0096818237,.0020099515,4.6989393,.0079318108,.0016880003,4.8550248,.031582322,.0065050796,4.9182315,.034540221,.0070228945,4.9958272,.022968763,.0045975898,5.0409398,.023507655,.0046633477,5.0507531,.030075559,.0059546684,5.2014914,.04367993,.0083975783,5.1985083,.038384788,.007383808,5.2121248,.021040589,.0040368545,5.2290912,.032317165,.0061802641,5.3507738,.026883138,.0050241589,5.4672766,.03656432,.0066878488
127,6.1408563,.055894189,.0091020186,6.2733665,.07462424,.011895406,6.3308148,.051570006,.0081458716,6.5252147,.060937557,.0093387822,6.915369,.096187502,.013909237,7.2885551,.13211367,.01812618,7.7277155,.12897599,.016690053,8.0177479,.066495612,.0082935523,8.1417589,.087599911,.010759335,8.32199,.13803254,.016586483,9.0365858,.2248767,.02488514,8.9827271,.21119581,.023511324,9.3185282,.40515795,.04347875,9.4845972,.35836884,.037784297,9.3713722,.31637579,.033759814
128,5.0405297,.029592,.0058708116,5.0237532,.044231497,.0088044722,5.0763206,.016850201,.0033193729,5.1291857,.013033759,.0025410971,5.0993943,.023740189,.004655492,5.2201109,.01530757,.0029324223,5.3109951,.011708908,.0022046543,5.287878,.054519959,.010310366,5.3035274,.055702224,.010502864,5.5421619,.052235596,.0094251297,5.5030303,.10726175,.019491397,5.5419478,.075170889,.013563983,5.5550876,.1696257,.030535199,5.8204775,.070422716,.01209913,5.9512405,.082274809,.013824817
129,5.2292552,.072155848,.013798494,5.2193532,.068832614,.013187959,5.2158165,.0986517,.018913951,5.1576829,.067059405,.013001847,5.3811622,.11138442,.020698953,5.5199914,.095695555,.017336179,5.9066825,.1823926,.030879024,6.3748035,.21415779,.033594415,6.870924,.28080449,.040868517,7.279098,.23969954,.032929841,7.541131,.21186189,.02809418,7.7441797,.12662178,.016350575,8.1750488,.24587572,.03007636,8.4091539,.1900108,.022595709,8.5739832,.11334648,.013219816
130,4.8225675,.006195975,.0012847877,4.9057713,.0065364405,.0013323982,4.9961157,.04778723,.0095648766,4.8724394,.041353274,.0084871808,5.1137495,.0093221301,.001822954,5.2456398,.035176896,.0067059305,5.4441986,.060048167,.011029753,5.5072026,.068038516,.012354461,5.4820108,.043648928,.007962211,5.4937558,.063492596,.01155723,5.6493392,.092239417,.016327471,5.8628616,.096004479,.01637502,5.8666778,.097845502,.016678179,5.8395557,.083714664,.014335793,5.8845496,.079207256,.013460207
131,4.9498091,.27816495,.056197107,5.0440025,.2149428,.04261354,5.067131,.14912285,.029429443,5.3549223,.070866331,.013233867,5.5810738,.094983496,.017018856,5.576426,.12323257,.022098843,5.7765131,.13044573,.02258209,5.8496585,.15818058,.027040994,5.9493799,.14730032,.024758937,6.293963,.17567511,.027911685,6.3007479,.23838869,.037834983,6.762805,.16897489,.024985919,6.7902126,.1839083,.027084321,6.7424946,.16578637,.024588283,6.9126811,.2158401,.031223789
132,5.368722,.02754982,.0051315418,5.3713479,.066122368,.0123102,5.2999601,.087315135,.016474677,5.4025316,.090270989,.016709017,5.5384927,.096625991,.017446261,5.645463,.097484581,.017267775,5.7241411,.09776365,.017079182,6.045578,.086092003,.014240491,6.0513787,.09330494,.01541879,6.2588882,.10154793,.016224597,6.3708763,.11674117,.018324193,6.575263,.12047963,.018323164,6.5027676,.14196907,.021832099,6.8762751,.13435474,.019538883,6.9997783,.17507939,.025012134
133,4.751513,.094663173,.019922743,4.7513266,.21574454,.045407221,4.6140652,.11743437,.025451388,4.5532861,.1151047,.025279479,4.566174,.14125006,.030934008,4.6906385,.083113961,.017719114,4.6242509,.17273764,.03735473,4.6689262,.14676838,.031435147,4.8723788,.18698747,.038377039,4.9867592,.23285712,.04669508,4.9244499,.21187727,.043025572,5.0600386,.18384513,.036332753,5.0864534,.20667449,.040632337,5.3918729,.054660745,.010137618,5.7369161,.082729533,.014420559
134,5.5196915,.093475893,.016934985,5.8467379,.080252089,.01372596,5.7907295,.074457072,.012857978,5.9297838,.068024792,.011471716,6.1780238,.073902503,.011962159,6.5681691,.044898547,.0068357782,6.7016287,.072551601,.010825966,6.7351637,.072988331,.010836906,6.9795413,.11790414,.016892821,7.2430706,.1095004,.015117953,7.5745254,.12855983,.016972657,7.676949,.11166498,.014545489,7.7526712,.1359998,.017542314,8.0568695,.13074341,.016227569,8.1374569,.13381881,.016444795
135,4.7708678,.10622933,.022266248,4.8031001,.066358067,.013815674,4.7608671,.075975783,.015958391,4.8374524,.05427371,.011219482,4.7605009,.055442486,.011646356,4.8528104,.061113179,.012593358,4.8406444,.048691124,.01005881,4.7691555,.055475034,.011632046,5.0315185,.067389689,.013393509,5.0480552,.066373132,.013148258,5.2284641,.074514523,.014251704,5.2938333,.050594103,.0095571773,5.313405,.080968529,.015238538,5.3863678,.071527101,.013279282,5.5864954,.088139713,.015777282
136,7.355834,.016184878,.0022002778,7.3363647,.061449382,.0083759986,7.4935393,.15324283,.020449992,7.3882084,.36315212,.049152933,7.58956,.29997817,.039525107,8.2692184,.14600825,.017656839,8.1351643,.19174659,.023570094,9.3699923,.1137914,.012144236,8.7416267,.060816113,.0069570704,8.4860563,.048433367,.005707406,8.7737331,.16374286,.018662849,9.1653271,.11417395,.01245716,9.8289852,.14312084,.0145611,9.3144093,.21680793,.023276616,9.1724319,.13494281,.014711781
137,4.4250307,.52701432,.11909845,4.4658003,.35619292,.079760157,4.7877617,.076521002,.015982626,4.8278317,.099802218,.020672265,4.8598471,.21149834,.043519545,4.828373,.092117697,.019078413,5.0036478,.13887723,.027755197,5.0756259,.24003306,.047291324,5.2027311,.1498231,.02879701,5.2420225,.1626185,.031022092,5.3948665,.032761995,.006072809,5.4042573,.029594462,.0054761386,5.5338202,.058123581,.010503338,5.8065982,.075883217,.013068446,5.9528708,.25417882,.042698529
138,5.1610184,.072198793,.013989253,5.1606741,.076767541,.014875487,5.1403155,.054418288,.010586565,5.1152248,.050567228,.0098856315,5.1904821,.047214814,.0090964213,5.324317,.066359125,.012463406,5.3935633,.045528125,.0084411958,5.3479786,.046199761,.0086387331,5.653471,.035866648,.006344182,5.9196916,.14115056,.023844242,6.0416584,.12429093,.02057232,6.0731759,.04048492,.0066661858,6.2981167,.053085946,.0084288605,6.3339939,.046729162,.0073775193,6.4229908,.0472304,.0073533347
139,4.5135484,.12849534,.028468806,4.4837008,.027143199,.006053749,4.3927441,.16238798,.036967322,4.2888827,.053293578,.012425981,4.3711333,.14902581,.034093175,4.1685758,.41800135,.10027438,4.3161678,.36942923,.08559195,4.1924505,.27783242,.066269696,4.4596243,.16839463,.037759822,4.8970308,.25863793,.052815255,4.9798374,.32604447,.065472916,5.0046697,.30527851,.060998734,5.2176604,.25194469,.048286907,5.1808085,.3182506,.061428752,5.2064338,.31188908,.059904553
140,5.1940575,.028573051,.0055011041,5.1189799,.0068067112,.0013297007,5.2225471,.0077789221,.0014894882,5.1230865,.0012614854,.00024623543,5.2568913,.0035933463,.00068354968,5.3087473,.041841004,.0078815212,5.3431683,.0028891598,.00054072036,5.5553942,.017910656,.0032240117,5.3051267,.039015193,.0073542432,5.4339514,.071389474,.013137673,5.5625668,.016540539,.0029735442,5.7985678,.026468936,.004564737,5.8539262,.0065561966,.0011199657,6.0829754,.049670614,.0081655132,5.7682533,.060168721,.010431012
141,5.7625074,.014855318,.002577926,5.5130987,.20914893,.037936728,5.1491203,.07183218,.013950379,5.205399,.21398143,.041107595,5.1328049,.31569383,.061505128,5.7018061,.16708969,.029304694,5.6140575,.43507946,.07749822,6.208282,.80323303,.12938088,5.9962268,.21403638,.035695177,5.8237853,.21190467,.036386073,5.9179606,.080118544,.013538201,6.3463049,.39098173,.061607778,6.6000743,.87083352,.13194299,6.5515919,.40525293,.061855644,6.6534491,.10102045,.01518317
