llm_id,price_qm2007,price_qm_se2007,price_qm2008,price_qm_se2008,price_qm2009,price_qm_se2009,price_qm2010,price_qm_se2010,price_qm2011,price_qm_se2011,price_qm2012,price_qm_se2012,price_qm2013,price_qm_se2013,price_qm2014,price_qm_se2014,price_qm2015,price_qm_se2015,price_qm2016,price_qm_se2016,price_qm2017,price_qm_se2017,price_qm2018,price_qm_se2018,price_qm2019,price_qm_se2019,price_qm2020,price_qm_se2020,price_qm2021,price_qm_se2021,price_qm2022,price_qm_se2022,price_qm2023,price_qm_se2023
1,1506.8608,17.1765,1505.1259,9.991127,1451.9012,17.143705,1533.6069,6.9505854,1627.4493,6.3192239,1664.1432,37.688675,1960.7211,61.133373,2055.5129,100.47432,2122.6172,29.863676,2637.8901,56.991547,2845.99,97.825165,2832.8242,147.49797,2947.2798,172.8867,3443.3525,114.3763,3923.0637,241.08408,4080.8701,143.70338,3538.1814,90.614388
2,1527.9091,68.916801,1516.6312,72.282959,1426.3958,65.853622,1461.6902,113.70312,1455.6709,87.033707,1655.2413,112.1231,1742.5756,132.03806,1810.4847,115.01142,1999.3699,239.43275,2176.0923,244.40321,2578.9824,99.796707,2784.5798,250.50778,3181.0652,332.90042,3669.6213,151.18573,4028.6304,226.36685,3930.124,282.45496,3538.4023,389.86429
3,1001.5262,48.923618,985.98016,58.609203,1028.0588,54.048367,1127.7721,37.197456,1058.7404,101.52202,1102.1606,28.380749,1090.0325,20.134336,1071.3799,10.832263,1095.4395,64.195648,1239.5956,87.150215,1391.4033,35.882347,1531.4307,124.50772,1879.3961,104.4551,1963.937,83.015961,2474.9082,48.57346,2546.967,69.712753,2180.8562,16.341677
4,1267.1252,27.559217,1333.1332,24.262625,1251.3945,16.579111,1366.8831,43.280575,1444.8367,43.4282,1499.0084,64.085098,1605.2485,40.290524,1767.0226,40.219429,1915.7029,29.456184,2157.5432,80.960159,2206.957,66.840912,2387.636,42.740345,2401.6418,73.445633,2687.0117,94.584366,3107.3748,135.84157,3305.2698,31.26659,3094.7952,145.27316
5,2724.2192,39.229008,2851.3289,54.841858,3090.4473,113.13702,3395.209,98.078224,3937.7976,103.6953,4643.4316,173.19565,4884.4448,128.81329,5083.2202,111.32331,5597.5288,78.676628,5864.5547,196.01057,6738.291,210.83481,7050.4102,412.80753,7564.7363,540.11945,8529.126,502.04083,9955.6143,469.56458,9738.7373,540.5155,8619.9092,283.78381
6,1518.0668,31.803129,1512.3048,25.844797,1453.3129,.69485444,1466.7899,16.264811,1483.6392,2.5002711,1606.2585,36.67289,2014.8868,59.297436,2108.2764,83.603218,2235.0066,97.543472,2697.0049,100.72318,2716.8359,114.74408,2939.5168,73.455246,3391.9763,147.54861,3344.4753,161.95705,3524.915,91.469269,3686.4106,50.944595,3446.8711,114.24401
7,1527.501,90.262398,1433.6432,67.04187,1346.5096,60.808784,1393.9518,75.750999,1468.3187,29.54224,1468.0674,16.956604,1684.5752,124.87335,1904.2581,72.92067,2110.6025,52.281265,2372.5627,90.144936,2561.5444,36.617195,2661.7476,74.736313,2692.8433,130.12177,2898.6721,94.172913,3262.0623,128.28616,3234.5908,21.717348,3080.866,32.917431
8,1163.2809,47.23888,1163.8047,39.308117,1007.2673,7.4348521,1070.1556,84.210518,1056.0239,12.428529,848.80695,36.075001,1065.1633,31.927252,1058.3201,14.822658,1175.8787,22.447735,1241.6243,16.75536,1105.5115,38.556778,1261.817,2.2952702,1634.7877,92.870438,1965.6237,350.48792,2246.4211,76.663818,2413.9282,206.047,2956.5969,385.91125
9,928.16095,45.951492,876.81714,23.572815,916.65228,17.577337,835.89911,3.6291041,792.68011,11.755871,715.85059,34.562275,717.37903,23.613535,646.349,16.352457,766.96503,7.1984701,805.88971,10.729789,1003.4358,32.826637,908.7923,75.620537,995.71765,28.363907,1113.2329,4.7443371,1531.8396,73.930183,1531.9995,69.88649,1587.1051,146.53468
10,1612.3326,23.88452,1674.6216,26.258535,1590.8092,34.23658,1639.1373,37.927307,1650.2257,27.748022,1799.6539,52.566772,2068.9211,58.853344,2303.7502,45.73143,2536.4863,95.828499,2829.6821,145.52733,3157.6069,138.77953,3332.6733,164.64113,3846.4006,229.11754,4267.8379,241.93303,4796.2222,245.13603,4787.311,244.47838,4072.2869,181.70367
11,1153.6157,8.6315393,1180.7703,17.838514,1103.3239,20.560246,1084.417,8.691206,958.62372,19.083004,894.24695,30.656794,942.4422,37.037533,949.5318,54.613567,1135.4858,15.273028,1138.8281,6.5275087,1043.569,85.027763,1147.8088,8.5862207,1245.3573,9.054822,1580.0278,171.24307,1909.4504,149.43512,2071.9951,50.0103,2404.7302,166.19344
12,1112.0988,2.3190715,1051.4174,18.299723,1116.6611,7.6071048,1086.0935,5.1972828,1046.2729,28.066065,1060.7152,8.3091421,1133.361,11.692269,1112.0542,14.19499,1244.0924,29.610172,1413.9491,16.375521,1464.953,37.228722,1543.8702,30.172997,1757.6301,11.423152,2081.0322,30.335638,2642.6504,26.085049,2693.4897,37.044174,2721.4973,69.339211
13,992.47955,4.5661068,942.68018,23.209368,793.67853,27.089266,976.43164,22.56916,880.77948,134.58926,978.70782,88.288979,1083.6403,120.05633,944.92181,33.500549,904.70111,69.171417,1157.6077,74.704666,1338.7465,117.26276,1411.5634,94.035248,1424.9033,76.449593,1254.2767,110.03097,1532.7455,10.203456,1914.9911,67.164421,2017.8806,140.42912
14,1379.7418,81.400551,1356.567,26.497032,1216.8988,32.589844,1267.6979,.59102821,1212.0979,7.682569,1241.3828,32.896477,1352.8236,49.815907,1569.3896,176.55769,1655.8126,96.276039,1650.1376,148.20775,1842.0389,79.44384,1866.6055,23.634558,2261.5576,64.816574,2307.2012,.79083532,2957.4985,365.98578,3266.9719,139.57626,2821.6746,85.063057
15,1037.0181,.20745568,1053.8582,4.3435154,991.71094,14.075397,875.37134,58.733658,912.38403,23.420809,931.65906,27.617985,956.14471,23.184006,881.24677,18.174198,947.24298,2.134912,1124.1636,.95151848,1439.4426,9.5161619,1577.4034,9.0145397,1549.5618,126.07145,1798.9619,72.311111,2451.2051,11.599722,2457.8718,129.82889,2414.9294,154.50398
16,965.41345,17.165409,1005.6204,49.02924,930.10223,47.851315,950.69452,43.326805,955.2099,53.722366,916.06927,56.519238,1068.6647,99.990891,1080.0391,92.226112,1035.814,53.485569,1047.1802,87.548897,1061.1333,103.38647,1356.0089,37.050907,1513.5605,32.262794,1598.3618,88.695175,1930.0979,103.27974,2083.1951,33.897602,1866.7515,32.307617
17,1451.0354,46.971436,1437.7291,54.758621,1448.7207,56.743252,1577.9474,40.103699,1671.2396,59.25956,1846.5543,32.663273,2186.3486,38.85247,2232.0767,99.178368,2522.7205,13.673216,2703.8965,17.397038,2876.5786,20.251898,2952.9124,18.05514,3378.467,44.467964,3689.4019,50.53537,4136.1606,64.797302,4030.3022,1.621114,3581.8467,3.5516858
18,1380.9856,3.3735816,1382.8945,1.6829844,1284.3024,17.522181,1284.0287,.38015062,1329.1471,25.37686,1381.0962,1.3301817,1456.8292,15.856496,1624.6813,41.05505,1752.1942,8.9503574,2129.314,10.679068,2119.1516,69.742073,2175.3142,28.513205,2302.5647,83.11068,2902.5718,71.248917,2711.5283,84.059296,3057.2539,11.63707,2988.4084,33.278042
19,1186.1342,7.2347889,1180.1494,3.7862418,1073.7474,.22199589,1175.873,25.444014,1431.4659,76.545235,1172.3398,44.844784,1177.3992,157.82214,1279.531,54.841469,1529.9011,68.059502,1573.2333,52.08968,1506.1815,66.813705,1861.1492,14.478863,1896.1854,75.114311,1911.7883,37.913288,2301.9392,82.176979,2710.1289,83.503777,2455.3831,96.170914
20,1066.3632,41.69548,1177.7764,31.740316,1082.7573,16.385935,1084.5757,17.920523,1060.3015,11.248602,1065.6932,41.493267,1197.3406,24.408724,1197.7169,15.758695,1319.8296,32.161873,1146.3976,69.436874,1271.2375,73.766998,1377.8014,97.090019,1554.1045,124.97114,1792.7896,10.551624,1995.9255,187.08931,2620.4502,291.39166,2072.3992,72.614059
21,1198.3469,71.764824,1213.8772,30.242355,1246.3195,11.730056,1317.4941,3.4221408,1335.3102,68.89473,1441.8125,24.487377,1532.223,41.259037,1574.7654,22.387596,1626.3622,105.74419,2491.2773,138.07278,2385.4268,74.587616,2354.2129,140.62347,2280.6521,276.85565,2601.5393,38.884518,2788.6511,119.04543,3030.959,26.979694,2979.1431,119.85059
22,1361.5042,36.891155,1378.9286,.091972791,1336.2454,23.257364,1349.8026,20.990208,1400.068,25.382282,1561.6847,55.367996,1800.5376,57.774651,1914.713,67.935699,2216.8809,110.01244,2465.0505,46.253544,2601.2693,102.38863,2693.5078,120.76694,3128.8296,132.41574,3339.8984,182.51581,3491.3721,157.28398,3590.6829,90.617836,3155.3425,62.634174
23,914.69409,16.34907,998.19641,11.05696,734.07611,7.1253057,928.92743,3.7801657,874.00623,15.355896,935.63873,10.358541,948.39594,6.1082149,931.47607,6.5564919,1122.0664,1.4573976,1297.0931,26.90733,1311.6591,6.0113654,1430.8966,17.01388,1756.5986,7.7750912,1865.8984,5.6633706,2089.3215,18.804665,2270.5068,43.251076,1933.9039,1.0764138
24,2340.5374,7.0387497,2329.2456,1.083539,2368.1021,22.574739,2454.1162,47.569759,2552.3018,94.845222,2904.0061,169.44316,3440.5146,191.75562,3622.9282,167.18607,3908.6655,210.23972,4370.1104,226.64735,4756.6025,231.68413,5208.9229,327.30026,5435.123,280.71246,6133.2871,268.23434,6822.7002,258.99506,6872.9268,331.94403,6169.7183,288.63931
25,1694.7761,16.565435,1669.9426,11.951499,1547.5693,16.57069,1582.5165,22.765375,1605.8639,33.266117,1581.0955,10.292382,1521.781,118.75219,1506.7278,73.758469,1700.535,58.766396,1637.821,90.487473,1831.2942,103.94283,1974.3622,166.64246,2213.5059,89.563156,2463.4167,168.36414,2529.2715,193.11703,2748.6355,217.06395,2773.2727,238.69508
26,1481.4138,136.1324,1485.7532,126.27259,1273.6505,112.77794,1278.9543,104.37053,1253.1896,110.25179,1257.9114,94.315887,1278.4745,78.726898,1273.7587,122.23977,1420.6431,119.58033,1384.5428,88.896439,1457.896,149.75821,1624.6658,125.93387,1783.255,149.28465,2093.5481,119.83769,2277.666,107.9782,2438.6575,62.374191,2425.134,127.08126
27,1552.9783,9.6764793,1581.8065,18.804708,1503.8236,21.858492,1493.803,7.8891768,1466.4799,6.7155156,1559.7911,10.384223,1509.9412,6.5792804,1594.9025,.14114156,1711.2715,32.54232,1764.2574,5.6596828,1747.7355,29.776789,1617.2345,8.7489119,1848.5813,60.723358,2359.3181,12.269835,2429.9919,46.251022,2536.3064,37.848175,2580.8311,52.232681
28,1955.1167,33.607052,1983.2698,13.419556,1960.5865,32.73732,1961.1915,30.645521,1944.7856,20.93511,2061.2085,56.053555,2378.5679,84.836998,2476.1892,70.6381,2691.4011,90.267525,2914.7036,68.31958,3106.5645,138.79207,3387.3474,134.06639,3789.0391,42.959545,3957.2996,31.848862,4680.2935,211.49414,4762.792,143.22598,4505.8604,154.29221
29,2249.3149,56.353638,2294.1807,39.638897,2254.0229,47.660049,2383.5183,36.301506,2503.356,72.087135,2735.7002,118.28339,3023.8831,144.16565,3224.0405,166.13971,3474.0977,188.85159,3791.0957,181.52597,4298.333,292.51187,4587.1167,338.69598,4751.9668,389.67502,5436.8159,322.32938,6178.1997,301.15894,6391.6294,310.20193,5787.3115,323.11008
30,1726.6752,24.639584,1712.8705,8.7385654,1659.9106,4.023654,1686.0939,32.126514,1802.9143,7.1227555,1917.9773,65.73922,2147.8997,65.633301,2276.2366,58.371319,2297.9441,87.18293,2467.6499,113.08718,2570.7974,175.56999,2770.564,147.13081,2509.405,103.6772,2864.0408,160.85576,3323.0396,163.6162,3517.1875,136.15428,3472.4934,77.022026
31,1260.7554,40.467896,1248.823,12.85661,1125.8829,11.414715,1193.2648,29.959557,1211.22,6.2707767,1152.8243,20.719553,1151.1742,4.5969267,1195.3931,75.156754,1299.7462,66.948631,1311.2119,27.531914,1366.8134,27.626087,1491.5256,13.794223,1746.7969,3.3126924,2031.6187,16.106956,2342.241,71.685699,2429.6411,56.915859,2585.6169,42.390808
32,2072.647,109.06387,1968.1584,105.14407,2019.574,117.32005,2040.1624,168.60808,2062.0095,168.93593,2380.6384,175.92133,2692.0591,199.91113,3010.8013,222.42744,3038.0681,227.7383,3276.6248,210.07794,3706.8628,284.44077,4182.0674,200.04726,4564.5093,169.61165,5109.1665,358.32599,5513.8364,401.40475,5460.9658,273.18872,5385.4204,270.71259
33,1473.6218,15.107121,1435.4413,14.755204,1324.6853,31.614443,1497.9269,45.189682,1464.238,18.08625,1530.2279,32.23978,1662.6053,53.119003,1801.0101,1.456111,1882.6263,82.780327,1864.1814,75.55191,2133.4426,2.4196506,2241.73,52.812519,2473.9636,132.90105,2391.783,77.193916,2495.1655,22.114511,3101.0752,48.168011,2945.6575,84.796005
34,1489.264,.074147105,1519.4962,3.7631607,1651.5996,41.412094,1529.4083,15.367418,1646.479,3.0042324,1713.5276,31.572689,1729.5901,1.6401345,1904.6288,83.918907,1957.7406,66.184471,2054.8706,46.420029,2210.9382,99.037277,2422.3184,65.311378,2584.2991,52.516743,2813.2419,46.879124,3147.4111,22.444483,3352.8821,45.278809,3177.042,151.6595
35,1089.4056,86.61396,1006.4744,99.485703,825.49347,75.829155,967.63129,96.311584,954.95313,81.533455,858.6001,74.521317,1037.759,43.337967,1015.6285,41.585354,1106.9333,52.852898,989.28082,114.8985,1057.8203,178.16014,1148.2625,117.78854,1709.7936,93.266434,1674.4875,389.35385,2043.7006,213.91301,1951.6783,35.007133,2341.429,6.0383577
36,1294.3723,13.653753,1253.9124,3.9760764,1078.5228,20.771124,1129.7288,54.041073,1235.7202,77.564735,1243.2108,36.561447,1186.1409,16.442219,1153.7682,14.732919,1318.1475,47.377281,1373.3617,28.670767,1520.3895,9.0155783,1666.1658,22.387924,1885.6495,96.425629,2316.7744,29.99921,2323.7502,120.43314,2435.1045,8.8506327,2510.9299,24.694891
37,1588.2272,.6182285,1550.4781,34.017921,1451.1854,33.66037,1451.6976,42.817043,1425.679,29.287653,1387.8582,.73753428,1184.745,97.404572,1277.3477,39.095554,1490.226,53.217651,1377.7257,41.782829,1565.9199,30.343519,1757.3358,77.065613,1757.1239,64.529419,2004.3363,8.1590862,2129.9556,58.59523,2374.1497,79.823425,2545.5583,114.46111
38,1664.6229,11.680161,1685.3359,8.4629412,1473.2714,43.047981,1587.8876,17.935726,1534.8927,13.333841,1479.9336,2.1867199,1571.8124,9.3528032,1659.5435,7.5918622,1852.0741,39.216705,1881.7075,3.8917873,1849.4734,25.081434,2213.8391,88.433456,2349.9585,170.20273,2374.2229,46.395821,2905.6396,108.40164,3266.4919,87.183632,3242.9626,144.82011
39,1710.3868,116.28866,1691.8085,100.42172,1616.4163,34.061871,1598.4097,80.489143,1534.4966,106.64505,1531.8063,73.058258,1518.5933,113.64004,1571.6196,99.386543,1783.3563,227.77396,1591.3287,106.26417,1717.5044,134.65215,1821.7073,224.91609,1803.3174,226.07103,1883.6266,152.37958,2158.2883,231.57147,2452.0637,233.99834,2471.8364,208.20477
40,1404.2843,43.674549,1350.1091,44.480148,1285.9301,59.424408,1331.7539,28.290951,1386.7736,35.41692,1411.3302,39.077591,1397.193,75.785034,1298.2646,77.6054,1707.2782,71.157021,1687.9615,34.842571,1790.4181,121.06593,2130.5818,64.703224,2320.8821,33.6143,2383.5195,75.399643,2468.1909,6.6606302,2573.6855,45.098511,2405.4048,165.24754
41,1647.5627,54.199749,1566.3223,45.091217,1499.1448,52.432068,1535.4952,31.651897,1641.3845,39.097393,1732.36,43.475891,1917.8367,47.709583,2046.0709,58.056625,2321.759,87.634308,2529.6091,69.643311,2559.0452,222.26685,2556.2427,50.693058,2786.6836,49.710453,2971.269,59.622055,3421.0125,106.24384,3871.7119,73.897064,3802.2,150.08521
42,2168.0669,43.459511,2153.9634,34.488331,2115.0059,34.566891,2248.5056,54.996517,2308.7075,71.32872,2273.8694,201.79262,2437.1177,214.54724,2450.6658,197.95961,2660.0928,227.68735,2932.519,195.35393,3044.9739,247.79105,3233.8257,150.52579,3550.9175,441.61356,3835.2305,433.36658,4272.6782,542.12579,4457.6943,485.19559,4136.3745,348.90591
43,2812.4639,71.348572,2904.7979,13.213777,2901.189,2.1031334,2960.2654,6.1873345,3137.3821,86.845078,3412.7195,139.33324,3903.4517,105.57948,4236.0493,108.27293,4740.27,137.9176,5049.4526,150.8217,5548.5898,207.06139,6334.5923,260.41495,6931.3999,453.66263,7715.0781,376.73407,8287.6074,426.36606,8265.8223,432.61313,7274.6309,229.9212
44,1503.5837,62.020809,1605.6936,30.274994,1616.7954,88.627815,1560.8547,116.51337,1494.5792,113.11099,1601.3818,162.85388,1720.7046,183.25609,1930.7604,203.75256,2120.3647,232.67346,2402.6719,305.16278,2358.4133,330.65546,2464.4749,237.7092,2817.6741,168.03818,3118.4275,308.61627,3256.7805,227.70007,3271.1865,209.22302,3100.9954,148.53033
45,1555.9847,85.033089,1564.4347,75.803551,1465.337,64.071289,1351.5298,104.2695,1479.6296,143.46645,1356.3738,117.73016,1419.5343,101.1834,1418.2164,135.7227,1483.5994,117.87006,1618.7592,124.10847,1814.4757,202.19839,1705.9432,204.64186,2094.9978,175.62427,2509.9644,139.63593,2737.4377,142.93272,3792.397,29.550182,3534.188,29.567381
46,1308.761,6.386167,1416.9161,3.7868173,1269.8629,12.051616,1370.1271,37.050659,1377.3384,42.134087,1540.8763,83.080811,1604.1569,111.54032,1823.6619,114.01456,2093.5222,72.361626,2198.3049,48.316093,2526.6008,4.8336368,2661.9639,67.824699,2704.0386,22.472052,2956.4419,142.18562,2853.9917,17.042234,3143.6528,140.0004,3160.4521,46.324177
47,1589.0479,45.789516,1552.0784,19.877829,1618.8729,85.838768,1499.1702,19.740215,1539.1698,51.216972,1856.803,87.142235,1856.7295,127.89714,1851.3525,40.486599,2251.0759,47.69825,2184.647,80.268196,2326.0071,185.567,2650.8425,240.21878,3249.1025,142.04468,2830.7019,13.354159,3173.6692,146.47787,3405.1372,121.77883,3372.3127,89.942291
48,1080.1453,1.7253678,896.4259,12.813742,810.64264,56.111343,1077.5839,40.727501,917.60657,125.98049,999.61292,27.326143,1032.7933,46.078304,977.80627,93.538795,1147.0284,61.531963,1240.1134,21.127722,909.6178,65.006447,836.84552,99.412498,1332.3693,190.75388,1549.3755,106.13609,1847.2968,14.056108,2299.353,354.20859,1924.8575,29.78216
49,1618.5331,10.730843,1674.0894,9.0110531,1600.7616,31.975477,1591.1259,9.4740028,1601.193,3.4377162,1576.4214,27.18576,1812.1862,16.028934,2047.8329,24.649929,2149.8777,25.764923,2469.8105,64.315933,2547.7952,133.66823,2858.7285,120.27059,3217.3167,217.18433,3445.6335,308.15036,3621.4182,235.35535,3436.1665,211.54605,3233.0554,147.40945
50,1037.6764,25.538063,985.44849,3.9301155,986.52698,12.431433,955.80554,17.782322,927.53442,2.4109659,912.68726,54.338104,918.62439,14.867457,840.12238,53.86438,944.89032,38.115292,1117.1819,.54058331,1141.2814,12.324816,1403.7278,4.4450541,1663.0419,47.955357,1640.5887,54.440918,1906.4843,73.836327,2417.887,68.691422,2583.7852,173.86919
51,1443.1514,36.230724,1509.7659,37.153473,1517.3064,.88746893,1487.5021,11.182532,1518.384,31.078232,1475.6913,57.046356,1545.6788,7.8773136,1460.9985,49.918442,1849.7024,100.24531,2024.7186,141.8026,2150.3804,76.843964,2188.5833,111.03133,2592.4937,1.6178038,2768.0984,51.237007,3031.1895,118.76162,3556.9231,28.248186,3630.1604,67.650482
52,1279.5233,72.748627,1153.89,107.46512,1243.995,115.51299,1144.6494,120.78536,1296.0747,170.61595,1144.9312,143.289,1214.2587,165.00278,1084.1184,173.82298,1358.2184,141.97055,1531.8395,184.23956,1265.1019,255.69521,1432.7222,256.2215,1470.4326,295.29971,1760.24,268.1207,2140.2251,138.68042,2913.4177,124.58727,3086.0137,26.914875
53,1000.2586,26.178305,1023.2494,47.930157,990.95514,76.633789,951.29333,161.48656,948.93158,54.361576,1035.0624,45.86953,968.06482,40.390903,1074.3604,94.408836,1352.0295,45.15015,1481.4987,75.103333,1319.4791,63.112167,1362.876,163.7715,1412.3488,129.57077,1835.7963,68.848015,2143.0674,5.2424588,2399.5986,87.67849,2245.7227,10.040906
54,1916.192,7.0267558,1912.765,37.943913,2149.2878,6.2070446,2177.4951,37.525219,2202.4905,46.68092,2515.0698,174.70418,2630.718,143.63687,2346.9348,141.91403,2486.1858,129.32736,2643.054,179.11856,2968.6714,122.7326,2955.5583,147.56644,3290.2688,135.48051,3376.8186,11.643023,3527.9475,127.04253,3861.5117,21.684292,3489.3137,12.775123
55,1376.8105,39.784058,1503.1581,8.6695194,1592.8235,47.013344,1646.0933,3.2784629,1505.1555,73.798912,1760.0919,9.6993675,1651.5134,9.6042709,1595.4969,36.259773,1652.9575,35.152515,1752.8422,7.0069089,1930.452,40.629181,1884.8027,43.906261,1989.6382,199.81747,2396.3435,67.800514,2583.4028,106.97156,2932.769,64.604233,2809.7651,15.081757
56,1581.5449,27.656132,1647.009,19.794575,1486.66,10.81229,1558.0494,48.864285,1526.9214,.40855604,1568.5841,20.045752,1764.0725,122.76996,1867.7961,224.64189,2132.5369,78.891464,2212.7808,30.619675,2349.4771,104.90855,2550.5945,136.72308,3131.123,148.43884,3201.4683,57.548885,3508.374,11.148642,3693.325,153.76404,3467.5103,80.620506
57,1727.5187,55.258514,1769.4724,66.350662,1701.922,75.952911,1657.9585,73.945297,1722.1266,37.207211,1807.7894,4.9630833,1907.8044,22.626223,1949.1569,4.3482122,2190.4336,.85676378,2355.2949,37.117313,2623.6941,31.717966,2883.2507,17.840778,3270.7517,3.4574914,3485.8069,15.907286,3869.0227,10.795449,4019.5459,10.270791,3739.5537,128.46678
58,2438.8035,20.22669,2523.6116,21.211554,2503.7854,13.305509,2498.9189,27.749096,2575.1384,16.996504,2874.405,59.673607,3016.6743,35.600224,3252.1304,54.491051,3889.9673,111.90445,3953.4983,64.968933,4308.7837,72.252251,4444.7749,111.6935,4764.9199,53.735741,5414.1548,42.142727,6178.1841,51.766659,5992.7173,140.42891,5387.1357,22.91399
59,2373.5361,68.277901,2476.1526,68.428772,2433.0693,41.408375,2559.4241,79.616844,2523.0032,67.374695,2805.6343,86.580902,3071.0071,131.67009,3418.9924,160.59822,3832.4399,154.4325,4450.875,209.09409,4707.4316,132.24045,5116.437,159.99059,5497.6123,216.06474,6151.7217,228.01569,6788.0298,47.985329,6527.8726,93.720139,5701.4438,128.26736
60,2411.4043,74.878914,2585.1909,104.81306,2515.6038,122.32339,2527.4229,174.44894,2409.0596,90.430275,2584.9197,190.15509,2789.8516,200.26678,3092.1702,423.38443,3488.1775,534.93292,3970.4741,630.36725,4225.2622,573.05212,4441.7485,595.80359,4839.3647,595.06635,5506.8193,590.02936,6013.5093,491.28488,6279.4385,495.20175,5581.7681,301.05621
61,1822.1455,64.872978,1843.5127,33.226826,1700.8276,32.635181,1650.5311,31.282312,1580.4834,19.879423,1653.5988,17.928169,1788.126,53.103447,1970.8423,77.357002,2123.6902,97.789848,2468.4646,84.419197,2572.3745,32.674068,2772.4487,119.43052,3065.2556,160.40724,3380.7437,162.88676,3937.7639,69.775215,4009.9189,17.853367,3961.7659,9.1645565
62,1710.6936,9.6256475,1739.924,39.082401,1653.2311,8.1168499,1610.7396,14.72279,1635.2081,1.2843742,1800.8702,11.743285,1841.5348,67.730576,1934.3802,109.55442,2255.635,111.27923,2722.4402,170.90292,2783.4814,245.92506,3041.7,198.53165,3454.5708,118.79353,3940.6223,34.541492,4558.6899,108.20466,4521.3813,54.124321,3939.3074,29.337679
63,1399.6122,63.797298,1488.9818,8.7195282,1425.7975,20.045218,1469.1967,67.880814,1504.0721,122.44465,1590.8318,96.484192,1780.3936,195.9285,1762.6073,198.84906,1819.8528,234.43816,2216.5957,55.3871,2386.094,3.4519403,2346.6201,37.779308,2739.7251,139.71393,2954.1252,180.47346,3138.5903,345.54016,3553.8477,177.77907,3100.8831,137.79132
64,1580.7295,5.4357677,1664.8425,7.5086069,1557.1215,4.8919053,1542.8291,18.35931,1444.6997,26.404158,1547.7616,25.840832,1670.647,102.09848,1849.6239,156.22015,2026.8098,108.37615,2414.3528,183.33791,2575.479,181.58575,2756.3982,231.97984,2961.4365,230.29164,3175.0647,137.73337,3536.0515,87.49958,3569.8604,192.92876,3677.5325,123.52719
65,2093.3008,18.141481,2097.8665,8.9609222,2176.4954,15.756477,2213.9561,32.252262,2325.6492,35.015762,2489.8955,66.028206,2714.8926,108.8464,2745.9585,75.757339,3046.583,66.659599,3252.6665,193.36348,3624.4165,166.33496,3856.0857,98.770775,3982.7578,243.22726,4385.0718,147.48007,4843.4971,165.19583,4836.1675,126.90829,4518.1245,90.664055
66,2309.0747,13.068128,2330.572,23.108238,2376.5986,9.302433,2333.1328,44.456745,2283.3684,46.405975,2458.5693,65.355858,2620.2576,62.10487,2695.9336,38.148426,2909.6125,102.2087,3171.0291,31.068338,3532.2122,110.68163,3642.0295,14.487127,4014.6775,12.828475,4239.9565,12.386409,4666.3457,126.30901,5127.271,136.39702,4846.3491,117.86411
67,1681.0355,3.8846545,1637.5826,.20624709,1462.2832,2.7929842,1537.0671,7.3472548,1390.0005,19.12899,1458.0673,66.190598,1513.3577,91.774681,1591.5596,79.797859,1775.944,111.77438,1986.2466,97.400604,2202.4119,99.08535,2441.0615,153.88495,2669.9526,114.05733,2965.5349,74.876724,3334.7256,105.74728,3604.2849,1.4761608,3404.3162,39.999054
68,2527.675,95.415398,2532.5806,48.824936,2472.4392,6.6316767,2735.4333,50.028065,2934.542,99.59343,3363.144,105.69427,3667.4641,101.91663,3721,115.85005,3919.3535,141.34966,4353.1533,203.82437,4767.5356,155.95547,4911.7715,71.71199,5321.2236,64.03862,5746.1792,9.6596413,6092.8296,133.62308,5814.0737,227.32813,5593.7725,119.48495
69,1755.5396,64.750992,1736.9917,73.313828,1672.7728,74.114334,1749.0314,65.151154,1851.3771,49.002556,1924.1099,35.184555,1992.5061,99.28981,2140.9736,93.62323,2577.2209,128.56718,2608.8142,49.179939,2957.158,42.077015,3192.2385,95.597267,3216.4565,115.17089,3398.843,108.46951,3442.635,153.08453,3983.7051,63.29612,3492.1365,14.241033
70,1524.1337,40.698406,1578.8638,41.989948,1484.4456,32.582455,1476.7565,31.445307,1462.8181,24.152672,1516.9883,6.0953794,1707.7751,86.448639,1743.0455,90.042595,1846.8005,63.479862,2061.1028,52.532959,2276.9595,107.82772,2449.7405,95.349297,2806.8794,174.68338,2647.3691,870.55579,3347.3608,340.61139,3273.7412,91.901581,3529.1204,161.27756
71,2855.71,67.310928,2947.1902,46.954216,2850.2859,117.40513,3426.4155,16.151583,3176.3413,206.44499,3539.0776,263.28632,3707.5884,237.4908,4036.6997,132.59425,4348.3354,221.80016,5114.73,217.59616,4907.3179,449.74976,6080.8184,431.29321,6927.8301,547.2746,6925.3926,440.87747,7374.7773,188.26552,6711.1875,219.04103,6586.2163,77.250168
72,1913.767,84.164307,1966.8044,92.533714,1877.1443,113.94794,1984.8134,131.62207,2080.7422,89.304161,2177.188,125.26006,2333.9292,193.11836,2471.5056,146.05058,2881.9326,209.85919,2992.6062,174.93715,3202.4802,581.9682,3606.1746,225.45085,3860.2695,183.42693,4159.165,202.19946,4438.5098,170.94611,4364.5869,242.79897,3964.1108,180.70955
73,1470.0273,42.599133,1460.0077,41.396381,1534.521,8.0588541,1507.8173,15.216815,1457.129,97.706062,1663.5327,117.50447,1698.3016,203.98892,1808.0024,180.56506,2156.5161,263.51874,2233.2068,283.72705,2417.9526,143.71976,2344.9404,172.91887,2547.5508,207.89992,2963.292,174.02448,3273.1062,310.3472,3237.3499,315.28439,3148.3416,349.09158
74,2123.0125,5.926301,2106.5564,11.97777,2067.1392,23.076305,2245.874,43.021675,2161.9275,13.209659,2244.2769,61.872284,2451.4104,73.930389,2639.0771,44.514713,2709.9041,87.458008,3049.5073,83.309441,3428.2952,39.992878,3471.3511,115.46072,3911.4443,119.83051,4243.3916,130.51234,4547.4614,162.41179,4677.1602,90.070084,4376.3257,67.509903
75,1215.6179,1.0245296,1264.3048,10.388693,1109.1801,23.159887,1152.3621,20.931034,998.35681,37.335915,1172.6091,58.116497,1056.3667,49.283222,1041.2487,38.920052,1251.6183,40.356182,1352.4286,14.824719,1530.9839,16.390131,1752.1215,65.620636,2039.4651,31.170944,2269.7319,37.402092,2657.4524,130.80603,2689.7292,17.992138,2336.1575,3.7507844
76,1870.1119,54.772213,1907.5159,55.748791,1949.351,65.450081,1988.9789,70.808983,2097.1763,67.290382,2340.0488,145.0323,2412.3899,145.59369,2650.8352,150.39729,3155.3145,189.58951,3387.0603,177.17697,3294.4651,181.95906,3448.4302,232.67818,3952.397,228.76706,4096.3857,204.49884,4643.2739,424.67523,4816.5596,227.94662,4229.4995,87.971878
77,1907.6954,63.164768,1957.4774,36.032078,1913.9742,69.273911,2026.1997,57.545628,2072.6133,78.352371,2116.999,56.495892,2296.7637,66.078362,2316.2502,89.473106,2579.8384,77.117706,2822.812,124.52219,3046.5647,103.84129,3320.5151,129.69333,3601.8354,44.687088,3927.7539,99.543983,4492.5283,98.302818,4103.4146,166.07089,4075.2419,367.63809
78,1213.7329,53.989079,1184.337,70.95607,1152.0032,58.807823,1253.6715,86.34967,1442.0433,32.695221,1224.5199,11.659599,1526.5128,110.69347,1516.0468,117.63939,1528.5909,54.338699,1839.1691,44.486107,1700.3304,33.976505,1823.7717,43.494724,2080.489,129.78226,2184.9402,89.463593,2543.1194,197.57312,2884.3687,30.198542,3546.4436,3.2256904
79,2158.9805,19.198576,2122.8506,20.639017,2209.9695,2.669286,2336.731,4.7832608,2451.9939,66.44857,2707.498,35.926109,3001.3777,74.728065,3351.8074,55.708744,3760.0698,41.418098,4236.936,84.628349,4571.8716,24.162914,4697.9229,27.605389,4799.8647,88.765808,4816.2661,64.728798,5058.7622,133.16481,5428.3359,9.12749,5118.2808,65.066803
80,3628.1799,85.773018,3729.7703,98.836151,3972.0127,156.57178,4247.9214,171.65027,4793.7808,223.48457,5579.2944,273.52518,6421.1777,316.14896,6950.8984,282.96603,7483.5996,424.37387,8446.8809,453.04004,9195.0703,500.86777,10050.031,593.03131,10876.628,638.84027,11699.852,626.2821,13175.991,876.36383,12983.87,781.05652,11667.694,708.98163
81,1531.2336,11.532089,1408.7974,65.22213,1267.8584,54.819866,1417.5439,137.00652,1421.3716,42.01041,1442.3312,130.10977,1523.2383,129.7738,1645.2738,430.44131,1773.3965,342.3812,1894.4374,151.58582,2525.5732,18.936438,2476.4893,352.466,3077.3311,293.17987,3626.8918,373.43835,3632.1426,360.77286,3706.4338,425.32584,3644.436,325.32031
82,2132.0369,10.097687,2149.2844,7.0398612,2159.0776,15.041687,2134.1912,13.806449,2323.0884,23.94673,2499.29,4.312005,2723.0771,22.168968,3046.7786,34.349457,3225.1736,71.435394,3771.7393,120.09652,4088.0469,91.879578,4440.7334,.53290397,4759.3301,79.4282,5349.543,39.407814,6278.1592,121.29358,6546.4883,102.65017,5967.7896,80.504776
83,3309.8132,305.56772,3308.8855,294.93356,3212.7449,148.51172,3420.7615,307.9769,3611.0806,197.28368,4012.3174,72.910683,4421.0098,81.581696,4511.8711,183.06763,5049.1206,384.311,5457.3501,275.51718,5702.5225,280.92963,6295.8486,278.78989,7172.7642,141.2394,8036.9082,514.89282,9634.9307,245.62148,10788.954,189.62433,9983.2822,117.63605
84,1509.5916,18.909708,1601.9857,28.697876,1530.4532,51.17738,1526.1324,77.340355,1485.2998,92.877182,1661.0013,156.92804,1780.823,124.7979,1971.8418,111.91743,2236.6975,117.38875,2386.0415,39.174763,2936.9431,197.3457,2975.7261,166.28539,3496.3101,224.13107,3645.5725,81.915085,4004.3247,55.387665,4095.467,37.946598,3826.5693,14.652072
85,970.81097,38.989941,968.34534,43.497749,862.55634,39.77486,991.17285,26.124767,1107.2449,.83860457,1030.4646,18.126442,1002.5209,108.50155,1007.4548,63.299618,1012.9385,123.51157,1196.1062,7.998836,1264.2764,.53391576,1618.6851,45.875065,1763.7083,37.359463,1836.3423,169.19791,2045.474,339.57251,2046.4185,4.3716087,1664.5675,113.73032
86,1472.7207,14.672734,1435.588,7.8938417,1333.548,9.6616869,1404.5189,21.267038,1459.0591,23.358828,1538.3503,4.6845527,1704.2161,46.693497,1794.9557,20.236855,2157.771,41.259186,2505.8789,105.75095,2450.2019,19.456137,2781.657,83.004791,3174.4307,59.43557,3658.6045,44.904774,3901.5718,52.675129,4010.5151,95.411575,3493.5195,66.91256
87,1989.6597,2.4497218,1972.0704,14.463495,1940.5985,18.429134,2043.3413,30.746565,2023.9886,11.821743,2343.9092,8.611146,2629.7656,15.041106,2720.929,40.994492,3155.0027,87.632004,3486.4163,111.54834,3833.6208,101.13715,4130.8467,105.57799,4353.3262,16.044043,4613.5693,74.121658,5095.7075,53.301933,5143.7715,81.751099,5013.9941,29.909916
88,1444.4647,36.518669,1440.8298,13.027714,1267.5482,38.862118,1364.6116,55.223843,1225.4764,63.641987,1265.2904,110.56226,1475.468,214.38365,1327.7269,199.83948,1776.5034,242.52112,2148.5271,84.046219,1954.9088,31.605576,2072.2964,53.288052,2447.5029,147.55885,2952.3196,139.74754,2556.0166,108.53764,3155.0161,24.950443,2796.7693,63.457836
89,1529.9454,12.046401,1550.3911,13.331082,1294.6981,23.440628,1375.4573,101.61388,1549.7709,12.186723,1554.5114,25.631369,1516.8772,25.848688,1550.4695,23.41943,1582.7876,35.682617,1665.7588,99.925743,1684.5417,98.274445,1959.0446,36.670765,2240.8459,97.850479,2492.5574,.69440836,2653.7373,104.29904,2768.6855,.67274678,2673.2529,52.855831
90,2140.2344,42.872276,2188.5159,36.079483,2262.3086,62.174976,2372.0652,64.083755,2578.697,112.99185,2842.7629,135.45248,3255.9321,136.70229,3292.55,206.1631,3510.4141,75.160904,3777.6282,131.48547,4279.1646,184.65527,4332.8979,183.03621,4676.1284,226.32187,5137.7158,221.15421,5494.7344,201.25253,5793.5425,209.0799,5284.8643,248.62801
91,1821.3361,19.275944,1859.7214,6.9181275,1784.7393,53.882675,1907.2153,96.282669,1930.8816,63.986454,1994.2986,76.045555,2581.8716,101.96454,2424.6343,166.96861,2468.7405,263.53299,2307.6592,284.15436,2856.0295,286.7012,2913.8069,331.50565,3299.4858,215.90517,3664.3914,235.48303,3750.832,208.66336,3832.1895,45.73756,4242.5591,152.14806
92,1491.8257,23.313303,1556.0472,16.355394,1511.39,43.95129,1605.3251,25.631117,1668.3636,83.797577,1824.8351,119.77419,2125.9558,143.95529,2064.1848,113.85448,2191.7285,72.331589,2353.1692,118.59749,2455.4072,153.5229,2863.1826,222.84494,3321.301,242.58545,3388.2776,136.79718,4178.8604,265.81305,3737.5596,266.49512,3769.4431,70.209389
93,1402.5883,60.529816,1319.0569,48.249969,1260.8051,25.262697,1210.3359,48.692276,1483.3624,15.737398,1554.9264,41.685513,1580.613,44.813408,1585.4207,81.841942,1795.0801,34.010723,1913.1731,62.625507,2262.7422,107.36172,2112.9509,15.459812,2291.5957,85.544434,2220.0806,105.36771,2589.27,187.13054,3058.5557,22.922647,2938.3284,68.771805
94,1206.8523,27.769148,1054.9094,.88726985,1051.2924,2.1338713,1087.053,58.965034,1028.6888,29.629953,915.94714,49.692131,914.70624,3.2566879,843.88367,16.9781,917.65515,69.071175,975.58197,99.943535,1123.5125,97.602219,1269.0928,115.10566,1758.6947,158.16077,1630.7382,190.80203,1924.5767,115.41225,2192.0356,228.67233,2067.6897,152.80646
95,1170.4187,100.63188,1205.4281,46.181381,1142.8796,61.588474,1209.7509,29.133553,1082.5537,83.005226,947.06049,55.693062,884.37274,104.57097,880.50244,120.7935,784.41101,80.431633,800.43573,62.348312,901.89716,37.380455,1190.4844,101.39605,1247.382,71.022804,1752.2709,64.586594,1659.3285,10.356689,1783.3099,14.749503,1913.2078,10.376208
96,2061.4558,223.22917,2011.6206,255.15889,1991.8302,351.90884,2195.7532,186.00362,2345.6282,236.29271,2564.1826,85.677475,2973.0691,84.84491,3550.5469,147.04045,4079.762,732.6153,3807.4302,27.743124,3916.3848,68.778717,4367.2847,6.503098,5164.3848,63.523628,5191.3613,469.37863,5476.23,170.99619,5769.1279,77.858086,5466.1182,151.8065
97,1691.8776,11.571809,1678.3806,21.857693,1517.864,1.5606155,1575.5684,3.7344739,1653.2086,27.004303,1992.1809,33.549519,2324.614,67.543892,2413.6873,10.723157,3235.3716,22.241684,3130.8948,14.847152,3473.4546,36.689419,3766.2556,16.503576,3827.0544,40.355553,4440.7817,26.708858,4743.2778,74.983665,5135.8667,186.85556,4373.4644,123.44819
98,1535.0164,84.09005,1597.8931,62.33247,1572.7922,34.304676,1419.9911,19.53186,1384.8864,3.440505,1337.7349,58.260963,1505.3257,70.050308,1759.4022,53.604424,1774.9187,96.126373,1589.5519,231.99844,1587.6982,243.04979,1748.1628,265.33017,1731.6545,376.42139,2432.644,416.82266,3095.897,216.23169,3149.7676,81.480354,2971.4502,37.877373
99,1457.1326,19.792645,1530.8857,42.814846,1302.3472,34.901306,1216.4539,53.629398,1247.7638,51.409801,1277.2703,53.928169,1338.0712,57.352673,1278.8932,90.113739,1445.842,132.85367,1632.0737,92.726456,1640.4385,36.451786,1643.8306,122.42549,1566.4963,89.080116,1762.7405,445.42996,3056.2913,340.98624,2623.9583,137.45274,2439.0476,9.6965618
100,1956.1914,27.481119,1917.1152,35.507862,1915.422,3.1172478,1839.8506,5.8187876,1920.7075,29.273014,1954.3771,36.949726,2117.4863,40.889671,2218.769,74.980629,2516.4917,120.02431,2648.3567,188.1608,2859.7642,92.825142,3107.9443,86.589684,3616.8979,61.27372,3851.8206,247.53093,4260.8896,137.66391,4538.4238,164.47975,4436.4805,164.77095
101,1343.2091,15.349042,1291.2903,13.896678,1255.1199,1.7001728,1393.7925,7.528089,1315,41.057442,1410.7454,63.809505,1371.6086,3.8480353,1366.3824,8.4149647,1717.2052,19.905039,1853.4766,8.0305862,2080.9268,149.20224,1856.306,123.68004,2615.6675,68.918091,2468.8169,18.799118,2717.0327,313.11523,3287.5815,139.22258,3358.7852,70.055618
102,1991.9652,50.784492,2087.925,27.38707,1906.6569,64.316048,2057.7063,119.2205,2191.1858,134.27986,2367.0923,126.72826,2407.3618,66.37925,2709.9587,141.26764,2707.426,198.00362,3056.5059,209.76796,3242.0679,388.68991,3674.6411,176.94456,3641.8123,75.844368,4144.707,323.1814,4586.355,220.71506,4500.2383,212.0491,4231.7939,71.100769
103,1749.7991,24.902376,1827.5157,12.908135,1764.8816,24.084507,1768.6331,18.47683,1788.5444,32.844692,2000.6196,58.204918,2347.4026,62.971684,2556.4265,65.239281,2933.2139,57.642189,3282.5134,52.844933,3948.0759,130.9064,4390.0552,209.37439,5127.9346,299.38513,5421.2842,188.91116,5595.1934,144.99834,5663.5024,128.47205,4981.2544,106.30363
104,1613.6368,57.390438,1623.193,41.104462,1557.6152,50.542046,1703.3693,89.494972,1716.2141,39.535221,1761.6594,47.505325,1911.0654,35.148254,2131.9812,34.715202,2192.8013,41.077076,2544.2349,122.71211,2525.259,95.394707,3085.4167,84.553909,3274.5635,53.546021,3314.0164,250.74481,4009.2449,34.189415,3963.1594,192.86171,3607.2039,20.581327
105,1401.7324,74.087029,1529.5841,69.799088,1336.2732,61.554886,1407.4387,29.027073,1413.3058,99.34227,1508.7206,87.652657,1457.4598,312.25638,1760.9401,273.74481,1810.2704,174.12239,2356.8601,150.60847,2181.8315,672.59247,2047.6277,694.41138,2177.6741,730.46344,3194.9136,537.23499,3055.7129,255.14813,3664.4854,243.52231,3543.9453,62.750889
106,1616.7975,5.9417696,1627.5415,25.077173,1644.349,14.773411,1731.0895,42.599724,1785.2449,56.817589,2032.2202,19.114407,2017.6692,78.765503,2153.6885,106.0185,2377.1538,85.496582,2682.458,42.043385,2863.4529,15.225227,3120.6523,55.43092,3288.0205,91.414513,3745.4309,109.83585,3987.6104,147.74493,4221.8335,91.561996,4568.061,201.38646
107,1406.7284,20.706276,1344.7185,3.4760361,1356.0707,6.8113823,1353.9636,40.09095,1440.8752,12.163095,1366.1774,65.693253,1450.8154,119.00563,1649.6046,218.10814,2414.4253,292.55615,1705.7084,178.78825,1604.9762,193.90958,1672.5272,148.57916,1715.2708,214.59052,1634.896,134.36597,1955.2583,128.99474,1949.8387,132.38252,1980.5244,211.85056
108,1421.9147,37.792259,1522.5269,31.968576,1478.0364,80.709297,1478.3663,38.11657,1277.73,55.360924,1297.0587,42.357128,1322.402,90.085503,1309.665,157.68437,1323.5116,175.64363,1572.3828,56.270718,1563.9719,170.00769,1613.8987,148.2307,1713.2332,95.42968,1840.2452,170.40227,2033.4373,286.44412,2045.4503,333.35117,2302.3269,174.12141
109,2021.983,6.5315719,2232.9622,24.507742,2196.249,36.25346,2438.6841,95.456329,2627.4668,85.144913,3712.6636,200.09702,3918.2664,172.03404,4279.7788,114.19191,4931.8428,134.33693,4950.5083,202.90178,5622.4561,219.20222,6305.7817,210.48473,7157.9775,246.20418,7209.9502,278.45425,7643.9077,293.77335,7885.3101,254.17548,7987.1138,294.84616
110,1292.1005,12.215525,1254.2662,1.0686808,1133.3458,130.19916,1225.6436,47.422932,1180.7612,40.83971,1152.2363,49.184128,1228.9758,26.096886,1238.8092,32.142971,1227.1635,9.9719543,1641.7073,112.91622,1356.3907,82.721199,1493.9414,8.9846659,1717.7491,5.1534929,1857.2863,1.2072273,2114.1838,206.31758,2293.9795,20.949738,2454.2859,62.711716
111,1096.4912,70.232056,1117.2457,91.565544,911.55463,9.1262569,888.37524,32.486332,1117.1615,4.9192963,1239.0936,238.95084,910.93329,202.93121,847.88477,97.830566,925.09308,60.171947,1015.4808,90.954781,1008.1002,102.78061,1255.3208,56.779865,1374.8538,270.7403,1298.9089,115.58011,1711.9741,190.0627,1694.625,293.21307,1602.9222,262.21954
112,1035.6588,89.634392,1042.4226,14.841024,850.73199,58.464436,1122.6241,37.032509,919.66504,54.016136,956.2041,85.464439,1091.3687,33.118893,1096.8958,88.322403,1277.4441,147.88222,981.88013,246.61337,1195.2158,163.56532,1289.085,130.44923,1605.4202,95.948494,1498.4039,114.74333,1914.3397,123.64956,2913.271,18.449038,2122.7976,207.12634
113,1263.5635,53.960281,1235.1639,19.903038,1167.9657,27.397135,1273.5552,27.454346,1444.9083,112.15018,1336.2988,80.651756,1426.6521,183.73471,1633.8204,250.04192,1641.8544,174.59645,1609.7794,85.113518,1631.1644,47.129837,1976.3018,67.261703,2155.7886,92.44503,2756.269,15.611397,3374.793,65.896439,3755.6946,37.026558,3430.2141,80.13623
114,1663.902,308.98901,1576.9185,273.1994,1630.285,364.14908,1653.4335,429.37708,1674.5773,347.43839,1640.8229,163.76271,1710.801,111.83968,1886.4678,221.93925,1885.5638,134.97638,2098.7485,188.96469,2400.8462,132.3445,2666.1379,200.9662,2726.272,32.079967,3456.5112,6.0200748,3773.8945,55.419971,4396.5757,14.889677,3896.7554,19.378641
115,1266.9243,22.523233,1235.1235,56.224358,1238.9418,11.89494,1109.2957,5.9149618,1184.3749,13.309734,1179.1477,48.342892,1224.9105,48.363205,1687.8339,83.385506,2023.4506,72.693504,1955.6047,39.49773,1986.205,291.30054,2021.438,158.35315,2098.731,132.92181,1929.53,203.24542,2800.1338,470.4418,3140.0354,238.88843,2725.2976,2.6289854
116,1148.6406,42.141029,1135.4388,31.212515,1082.7188,24.304178,1106.9137,18.038713,1509.918,71.555954,1416.5792,29.518166,1293.5265,43.491829,1102.1383,84.850533,1224.9099,93.77182,1591.2202,130.88898,1692.2628,116.20801,1754.328,109.93167,2070.3469,44.185223,2268.011,153.20731,2769.98,307.47977,2822.635,60.381947,2873.7358,19.702047
117,836.4574,3.9934611,927.25684,129.17677,887.62677,11.85597,693.14502,57.571144,871.95984,30.566854,694.72272,38.091808,739.0896,59.919601,867.20093,21.742393,1118.8501,76.457245,1044.5631,36.056427,1211.5919,76.487587,1163.7823,97.123238,923.21686,62.335457,1463.7988,138.03543,1215.3693,200.41708,1802.5692,47.739841,1720.6044,103.49117
118,1345.3448,25.498854,1297.1041,20.065947,1223.1959,3.8339043,1294.3633,27.389845,1277.7612,32.453796,1425.0209,35.948635,1474.9965,55.052956,1453.6447,51.014099,1303.0623,1.7414716,1445.8469,34.327404,1533.6849,94.760117,1733.7377,49.555614,1647.5306,52.351269,1590.3073,37.015308,2458.5725,58.429462,2437.834,54.207314,2272.5505,53.181324
119,1883.5997,411.61493,1817.3805,346.25848,1646.9192,247.50446,1409.4379,13.246901,1618.8954,123.18548,1462.4972,83.633133,1534.5355,130.10858,1637.4896,224.19423,1800.9724,127.03369,1888.2887,79.508919,2254.9714,172.78412,2191.3569,144.06102,2354.949,180.64392,3034.5593,63.217812,3270.2026,28.737843,3930.6777,179.87071,3773.8394,169.69331
120,1096.2798,102.61391,1013.7011,189.61606,769.07379,71.301048,944.52515,51.442516,904.50287,121.10438,1037.1492,127.2235,1152.991,80.703629,1132.0647,77.665947,1048.7085,64.008896,1052.6072,12.219449,1237.2264,70.812126,1243.8612,13.457079,1358.201,72.062897,1403.5238,72.526222,1512.6583,12.783157,2379.7285,248.83127,2106.7468,254.76561
121,1559.1628,5.0579495,1551.2592,7.1130342,1388.2772,15.026117,1512.7252,10.484926,1587.0114,34.711365,1696.6311,21.652601,1742.7175,27.148453,1741.3163,1.4957963,1860.0629,2.6781569,1897.674,99.463783,2264.856,132.75435,2581.8223,58.991203,2474.0056,73.836426,2865.8435,31.989941,3363.3369,100.2625,3258.6084,54.948418,2995.3547,77.117226
122,1242.7419,16.296957,1247.0408,9.9584141,1134.4982,19.121878,1221.2484,63.795242,1157.0358,93.621315,1314.0537,135.72179,1281.6835,109.93449,1116.0352,141.60007,1190.9622,111.58147,1399.8818,192.29073,1619.2573,124.96082,1615.4183,67.911484,1765.2878,223.84042,1775.1368,172.66194,1929.5823,332.35724,2198.5723,47.83007,1984.5006,194.85265
123,1782.4617,16.337158,1843.033,49.538616,1791.7946,16.533852,1933.0834,32.961151,2114.0061,34.296146,2149.9402,53.030621,2367.3352,175.82832,2748.9934,160.14798,2878.5283,148.19824,3226.0332,32.955402,3485.5034,28.734352,3559.0686,73.359894,3709.2837,15.951735,4562.1011,23.765556,5324.2749,86.776665,4833.4507,128.7016,4329.8354,156.73882
124,1302.4735,26.585526,1273.1362,39.066181,1280.9263,48.287548,1349.0607,84.45298,1293.4436,83.024567,1286.3881,91.445847,1297.1544,64.724541,1406.0746,106.9603,1558.9875,100.3778,1449.1235,120.91775,1654.4232,102.59268,1852.9562,168.79395,2599.4106,81.022018,2306.0786,56.254696,2796.5105,695.26288,3571.6121,197.00447,3026.022,173.83229
125,1301.5968,10.416045,1370.4731,34.01511,1382.5662,76.853996,1361.9242,55.428593,1510.7747,65.249413,1520.1508,109.53024,1554.9509,17.906418,1737.4646,189.41466,1751.5109,69.723167,1622.9823,50.877174,1704.8553,35.35503,2108.0803,36.45763,2190.5352,14.424182,2534.1465,243.26247,3078.144,82.032761,3056.6606,79.439888,3696.7241,10.177427
126,1299.4183,5.4668436,1216.0626,1.0266854,1150.733,54.850231,1129.8719,40.680508,1116.1831,17.391994,1131.7295,37.022236,1152.4753,15.389624,1063.306,24.404074,1112.7384,38.888969,1235.2023,49.427586,1332.3147,30.875692,1521.2407,4.600656,1340.5961,37.55151,1521.8276,40.621048,1776.2129,56.624249,1920.4021,90.561539,1729.3586,57.975147
127,1882.5934,63.275215,1839.0603,41.121544,1858.1505,28.927725,1966.4331,59.345745,2208.1523,117.89115,2389.2278,97.338028,2807.7432,123.48331,3052.7446,135.10831,2932.0688,108.12524,2896.7114,94.074387,2981.6782,126.21361,3097.3767,88.811798,3304.7964,185.01486,3572.0559,254.38269,4426.6016,294.40262,4103.1577,324.65759,3892.0044,224.64273
128,1169.8223,27.24547,1168.0465,52.296036,1063.4434,75.446289,1041.1007,116.96431,1087.0656,8.896987,931.30334,52.200779,988.23712,39.340622,1122.1836,146.27786,1309.2358,78.29483,1393.0776,39.176533,1223.6417,24.680515,1270.6587,6.3157015,1103.6132,88.007103,1428.9302,67.653999,1836.8346,27.466928,2161.8633,13.256837,2178.1406,116.16808
129,1558.74,29.434418,1433.8048,26.507301,1566.7872,14.539356,1552.438,29.850908,1548.8304,22.711555,1746.6244,52.066906,1957.6447,46.495792,2047.667,68.083908,2234.187,23.812471,2596.6948,57.159275,2618.3167,87.711189,2988.0649,79.144623,3076.9316,171.11166,3688.5627,129.59779,4324.3677,234.71916,4499.7793,178.02773,4299.3452,129.57034
130,1123.792,13.603042,1053.7832,36.110104,1034.8544,32.385208,982.92499,3.3918486,966.17572,28.44763,892.17725,1.3814555,984.00739,36.289379,1040.6489,32.934875,1024.1669,26.585783,864.03412,58.671097,979.40814,40.483295,1142.032,43.49934,1619.2864,28.212534,1412.6415,19.626945,2393.6294,133.46037,2548.8438,79.306442,1969.73,39.335285
131,1309.6472,14.478354,1363.3392,47.579456,1082.0908,40.577782,1225.2152,41.293842,1276.0176,75.200104,1274.4688,80.6577,1375.4165,52.121902,1332.2041,52.51099,1505.7338,38.66309,1716.4111,38.825397,1832.1476,10.961053,2145.2397,56.282143,2315.5999,73.956573,2638.2322,100.12866,2922.6682,50.556465,3151.9377,66.76944,3170.3652,55.974144
132,1418.3879,.57154536,1353.9142,9.8721209,1155.3517,34.247437,1331.5782,48.929741,1432.9911,41.385181,1393.8434,80.060333,1476.1699,82.896255,1381.8751,43.753479,1504.3456,155.23801,1708.9033,119.20045,1783.746,110.77011,2226.9646,2.022052,2087.2161,109.96099,2248.8296,143.19841,2881.8086,77.444328,3121.0728,13.328334,2882.3296,122.55669
133,1327.3671,161.76677,1385.3462,90.966545,1100.7114,117.61584,1048.049,146.84309,913.63861,132.65535,989.88623,11.015448,967.5639,34.545834,1048.1809,70.14119,1189.8357,218.27422,1382.6616,325.63004,1393.5425,53.479805,1496.3259,85.256477,1474.145,193.0918,1238.8444,153.00941,1607.3317,296.56433,1887.7677,74.123848,1981.6321,142.67188
134,1507.4631,40.428009,1534.5038,49.676044,1501.9376,40.633232,1485.4883,75.71183,1615.7803,68.433167,1787.2286,63.965839,1842.7616,99.062904,1928.3486,71.086205,2043.3024,41.270435,1970.4612,56.784809,2342.2456,147.21683,2669.3296,93.914253,2562.4514,175.89348,2986.7205,445.35153,3718.1931,357.70416,3944.4343,84.302765,3252.061,64.474556
135,1076.8136,47.783115,1019.5158,38.197117,822.69501,23.276661,890.90546,.66957432,795.552,49.536114,890.19843,39.082401,828.9743,53.169144,806.57953,54.946178,877.52203,72.159576,984.54498,23.726128,966.44458,.47614431,1237.3711,133.69089,1047.6035,103.26313,1321.3057,117.23036,1411.7186,145.84676,1643.9164,63.738884,1713.0182,102.73248
136,1632.6853,96.551689,1683.2677,90.10392,1565.1508,96.616425,1665.6526,127.08421,1832.4512,297.23032,1920.8319,245.57649,2068.7681,265.65988,2270.5237,238.27344,2276.8965,160.77994,2217.8826,182.71698,2337.0715,377.67184,2909.4216,489.31787,3670.9102,641.23932,3584.4514,189.08762,3345.2942,578.38428,3311.3801,720.94336,3127.8022,260.5614
137,954.87878,37.296753,1012.7462,30.984299,978.69794,26.777903,998.80035,37.252384,907.46832,79.04332,944.87622,30.716055,850.52362,63.567768,1250.3044,126.20348,1346.3131,134.26898,1548.5361,117.32561,1789.4845,193.6774,1876.1016,271.04428,2554.3928,58.316067,2259.9802,168.2316,2189.5571,105.67053,2514.6504,82.27668,2551.1135,24.299198
138,1194.239,70.940948,1124.698,45.800682,966.06049,33.057301,999.86926,51.160484,1067.6725,92.866493,1052.7179,123.39096,975.23761,55.184525,1161.1171,19.703503,1260.6174,27.125244,1412.7748,125.02198,1324.7455,53.923058,1658.0897,2.6629279,1982.5242,68.246094,1902.4719,84.071732,2149.8589,184.55269,2609.427,10.148916,1959.33,34.521988
139,985.57751,7.8828735,957.74023,30.260208,963.4162,32.073635,982.70557,56.975597,845.3551,90.016212,817.42517,35.159466,959.04126,24.401619,733.41577,17.985052,1016.4569,83.352226,1062.1995,50.676174,905.99396,77.676361,1050.5074,.46377459,1300.2473,82.86042,1497.6277,168.88994,1658.2976,86.236435,1851.1903,50.300423,2295.9802,24.796057
140,1042.3474,27.114157,1099.2749,54.353336,993.70801,21.789253,985.91425,49.780537,927.85248,64.049149,893.91382,77.695366,1000.1288,97.833992,1204.8403,168.11055,1264.9427,78.089333,1142.8988,132.01614,1416.5079,.69030291,1708.3813,51.207203,1843.8398,83.478859,1894.5618,24.316509,2214.4824,59.006104,2278.5869,14.033116,2264.1582,65.224609
141,1202.8834,.41938972,1239.8639,21.701921,1103.6426,66.081444,1360.7491,17.712873,1229.6299,69.617027,1032.141,129.79549,968.67096,103.56171,748.974,34.431919,944.9494,123.05331,885.88208,88.598198,1210.8157,15.399734,1469.724,145.55823,1860.3546,302.6218,1728.6437,313.94601,1729.7147,408.48822,1808.0681,509.81833,2203.3103,327.67123
